DOI	Count	Timestamp
10.1101/532093	1	2019-09-04T05:04:20Z
10.1093/bioinformatics/btz592	1	2019-09-04T05:04:20Z
10.1038/s41467-018-03933-2	8	2019-09-04T05:04:20Z
10.1101/397588	8	2019-09-04T05:04:20Z
10.1038/nature19348	168	2019-09-04T05:04:20Z
10.1101/412080	0	2019-09-04T05:04:20Z
10.1016/j.molcel.2017.06.003	34	2019-09-04T05:04:20Z
10.1101/096222	5	2019-09-04T05:04:20Z
10.1093/bioinformatics/btx337	25	2019-09-04T05:04:20Z
10.1101/207704	7	2019-09-04T05:04:20Z
10.1101/144501	1	2019-09-04T05:04:20Z
10.1038/nmeth.4463	148	2019-09-04T05:04:20Z
10.1038/s41598-018-34688-x	11	2019-09-04T05:04:20Z
10.1126/science.aaa1934	1072	2019-09-04T05:04:20Z
10.1186/s13073-018-0528-3	17	2019-09-04T05:04:20Z
10.1101/392662	0	2019-09-04T05:04:20Z
10.1038/s41467-019-09639-3	1	2019-09-04T05:04:20Z
10.1093/bioinformatics/btw631	18	2019-09-04T05:04:20Z
10.1371/journal.pcbi.1004333	117	2019-09-04T05:04:20Z
10.1186/s13059-016-0930-3	59	2019-09-04T05:04:20Z
10.1101/237214	0	2019-09-04T05:04:20Z
10.1016/j.cels.2018.06.011	5	2019-09-04T05:04:20Z
10.1038/nbt.4091	148	2019-09-04T05:04:20Z
10.1101/384586	3	2019-09-04T05:04:20Z
10.1101/397042	9	2019-09-04T05:04:20Z
10.1093/bioinformatics/btz625	0	2019-09-04T05:04:20Z
10.1093/nar/gky308	5	2019-09-04T05:04:20Z
10.1101/118919	0	2019-09-04T05:04:20Z
10.1101/642926	0	2019-09-04T05:04:20Z
10.1101/197244	3	2019-09-04T05:04:20Z
10.1101/gr.230771.117	13	2019-09-04T05:04:20Z
10.1186/s13059-019-1713-4	2	2019-09-04T05:04:20Z
10.1038/s41467-017-01188-x	4	2019-09-04T05:04:20Z
10.1093/nar/gkz716	0	2019-09-04T05:04:20Z
10.18547/gcb.2017.vol3.iss1.e46	16	2019-09-04T05:04:20Z
10.1101/669911	0	2019-09-04T05:04:20Z
10.1093/bioinformatics/btw202	41	2019-09-04T05:04:20Z
10.1101/185504	4	2019-09-04T05:04:20Z
10.1038/s41592-018-0082-3	14	2019-09-04T05:04:20Z
10.1101/166868	3	2019-09-04T05:04:20Z
10.1186/s13059-018-1440-2	3	2019-09-04T05:04:20Z
10.1101/389999	0	2019-09-04T05:04:20Z
10.1101/098517	1	2019-09-04T05:04:20Z
10.1186/s13059-017-1248-5	22	2019-09-04T05:04:20Z
10.1016/j.cels.2016.08.011	169	2019-09-04T05:04:20Z
10.1186/s12859-016-1235-y	12	2019-09-04T05:04:20Z
10.1101/533372	0	2019-09-04T05:04:20Z
10.1101/472571	1	2019-09-04T05:04:20Z
10.1101/673285	0	2019-09-04T05:04:20Z
10.1101/257550	1	2019-09-04T05:04:20Z
10.1101/328807	0	2019-09-04T05:04:20Z
10.1101/413047	2	2019-09-04T05:04:20Z
10.1371/journal.pone.0205499	7	2019-09-04T05:04:20Z
10.1101/434746	2	2019-09-04T05:04:20Z
10.1038/s41467-019-11591-1	1	2019-09-04T05:04:20Z
10.26508/lsa.201900443	0	2019-09-04T05:04:20Z
10.1038/srep33892	31	2019-09-04T05:04:20Z
10.1101/587360	1	2019-09-04T05:04:20Z
10.1038/nmeth.4628	19	2019-09-04T05:04:20Z
10.1101/521914	3	2019-09-04T05:04:20Z
10.1101/433102	7	2019-09-04T05:04:20Z
10.1038/s41592-019-0425-8	3	2019-09-04T05:04:20Z
10.1093/nar/gky698	2	2019-09-04T05:04:20Z
10.1101/374462	1	2019-09-04T05:04:20Z
10.1186/s13059-016-0888-1	142	2019-09-04T05:04:20Z
10.1101/634097	0	2019-09-04T05:04:20Z
10.1038/s41586-018-0698-6	81	2019-09-04T05:04:20Z
10.1101/680926	0	2019-09-04T05:04:20Z
10.1038/ncomms14049	731	2019-09-04T05:04:20Z
10.1038/s41467-018-03214-y	18	2019-09-04T05:04:20Z
10.1016/j.celrep.2018.05.002	5	2019-09-04T05:04:20Z
10.1186/s12859-016-1175-6	29	2019-09-04T05:04:20Z
10.1101/123810	6	2019-09-04T05:04:20Z
10.1101/558908	1	2019-09-04T05:04:20Z
10.1101/068775	2	2019-09-04T05:04:20Z
10.1186/s13059-017-1188-0	101	2019-09-04T05:04:20Z
10.1101/045070	0	2019-09-04T05:04:20Z
10.1038/s41598-017-13665-w	8	2019-09-04T05:04:20Z
10.1101/344309	0	2019-09-04T05:04:20Z
10.1186/s13059-019-1645-z	2	2019-09-04T05:04:20Z
10.1101/280545	1	2019-09-04T05:04:20Z
10.1101/331330	0	2019-09-04T05:04:20Z
10.1093/bioinformatics/btz024	1	2019-09-04T05:04:20Z
10.1101/255711	0	2019-09-04T05:04:20Z
10.7554/eLife.43803	4	2019-09-04T05:04:20Z
10.1101/365007	1	2019-09-04T05:04:20Z
10.1371/journal.pcbi.1006772	0	2019-09-04T05:04:20Z
10.1101/655753	0	2019-09-04T05:04:20Z
10.1093/bioinformatics/bty316	3	2019-09-04T05:04:20Z
10.1101/460246	5	2019-09-04T05:04:20Z
10.1038/s41592-019-0466-z	3	2019-09-04T05:04:20Z
10.1093/bioinformatics/btz296	1	2019-09-04T05:04:20Z
10.1101/272443	0	2019-09-04T05:04:20Z
10.1093/nar/gkz172	2	2019-09-04T05:04:20Z
10.1101/671180	0	2019-09-04T05:04:20Z
10.1101/625566	0	2019-09-04T05:04:20Z
10.1186/s12859-016-0944-6	29	2019-09-04T05:04:20Z
10.1101/300681	14	2019-09-04T05:04:20Z
10.1038/s41467-018-07931-2	29	2019-09-04T05:04:20Z
10.1371/journal.pcbi.1006391	2	2019-09-04T05:04:20Z
10.1186/s12864-018-5249-x	0	2019-09-04T05:04:20Z
10.1101/225177	3	2019-09-04T05:04:20Z
10.1093/bioinformatics/btz453	1	2019-09-04T05:04:20Z
10.1101/241646	1	2019-09-04T05:04:20Z
10.1101/353607	4	2019-09-04T05:04:20Z
10.1093/bioinformatics/btw372	51	2019-09-04T05:04:20Z
10.1101/118778	3	2019-09-04T05:04:20Z
10.1038/nbt.4042	98	2019-09-04T05:04:20Z
10.1101/457622	0	2019-09-04T05:04:20Z
10.1101/191254	0	2019-09-04T05:04:20Z
10.1093/bioinformatics/btw227	9	2019-09-04T05:04:20Z
10.1101/276311	0	2019-09-04T05:04:20Z
10.1093/bioinformatics/bty1009	0	2019-09-04T05:04:20Z
10.1101/396135	0	2019-09-04T05:04:20Z
10.1101/530378	0	2019-09-04T05:04:20Z
10.1101/227033	4	2019-09-04T05:04:20Z
10.1101/173997	0	2019-09-04T05:04:20Z
10.1093/bioinformatics/bty332	7	2019-09-04T05:04:20Z
10.1093/bioinformatics/btv715	123	2019-09-04T05:04:20Z
10.1101/183863	1	2019-09-04T05:04:20Z
10.1101/539833	1	2019-09-04T05:04:20Z
10.1093/bioinformatics/btx490	11	2019-09-04T05:04:20Z
10.1126/science.aan3235	82	2019-09-04T05:04:20Z
10.1101/364810	6	2019-09-04T05:04:20Z
10.1101/352484	13	2019-09-04T05:04:20Z
10.1016/j.cels.2019.03.003	10	2019-09-04T05:04:20Z
10.1038/nmeth.3971	257	2019-09-04T05:04:20Z
10.1101/181479	7	2019-09-04T05:04:20Z
10.1186/s12859-018-2226-y	26	2019-09-04T05:04:20Z
10.1101/099473	6	2019-09-04T05:04:20Z
10.1101/170308	1	2019-09-04T05:04:20Z
10.1101/596924	0	2019-09-04T05:04:20Z
10.1101/171496	4	2019-09-04T05:04:20Z
10.1186/s13059-018-1449-6	12	2019-09-04T05:04:20Z
10.1101/234872	4	2019-09-04T05:04:20Z
10.1038/s41467-018-05083-x	9	2019-09-04T05:04:20Z
10.1186/s13059-019-1662-y	9	2019-09-04T05:04:20Z
10.1371/journal.pone.0180583	9	2019-09-04T05:04:20Z
10.1186/s12859-017-1647-3	2	2019-09-04T05:04:20Z
10.1101/511626	0	2019-09-04T05:04:20Z
10.1101/696724	1	2019-09-04T05:04:20Z
10.1101/276907	36	2019-09-04T05:04:20Z
10.1038/s41587-019-0071-9	24	2019-09-04T05:04:20Z
10.1101/036533	0	2019-09-04T05:04:20Z
10.1101/027219	13	2019-09-04T05:04:20Z
10.1093/bioinformatics/bty1056	1	2019-09-04T05:04:20Z
10.1093/bioinformatics/btz435	0	2019-09-04T05:04:20Z
10.1007/978-3-030-26969-2_47	0	2019-09-04T05:04:20Z
10.1101/gr.207902.116	15	2019-09-04T05:04:20Z
10.1101/064006	1	2019-09-04T05:04:20Z
10.1093/bioinformatics/btw732	4	2019-09-04T05:04:20Z
10.1186/s12859-016-1176-5	32	2019-09-04T05:04:20Z
10.1101/218115	1	2019-09-04T05:04:20Z
10.1038/s41467-018-07234-6	3	2019-09-04T05:04:20Z
10.1101/561084	0	2019-09-04T05:04:20Z
10.1093/nar/gkz622	0	2019-09-04T05:04:20Z
10.1101/132811	1	2019-09-04T05:04:20Z
10.1101/538652	6	2019-09-04T05:04:20Z
10.12688/f1000research.15830.1	0	2019-09-04T05:04:20Z
10.1101/676379	0	2019-09-04T05:04:20Z
10.1101/536730	2	2019-09-04T05:04:20Z
10.3389/fgene.2019.00734	0	2019-09-04T05:04:20Z
10.1186/s13059-016-1010-4	73	2019-09-04T05:04:20Z
10.1101/246439	0	2019-09-04T05:04:20Z
10.1186/s13059-018-1431-3	11	2019-09-04T05:04:20Z
10.1101/074971	3	2019-09-04T05:04:20Z
10.1126/sciimmunol.aal2192	98	2019-09-04T05:04:20Z
10.1101/567115	0	2019-09-04T05:04:20Z
10.1101/211417	2	2019-09-04T05:04:20Z
10.1101/110759	0	2019-09-04T05:04:20Z
10.1186/s13073-017-0492-3	19	2019-09-04T05:04:20Z
10.1101/227843	4	2019-09-04T05:04:20Z
10.1038/s41467-018-05988-7	2	2019-09-04T05:04:20Z
10.1101/464479	2	2019-09-04T05:04:20Z
10.1093/bioinformatics/btv122	52	2019-09-04T05:04:20Z
10.1093/bioinformatics/btx605	15	2019-09-04T05:04:20Z
10.1101/461954	11	2019-09-04T05:04:20Z
10.1101/gr.228080.117	17	2019-09-04T05:04:20Z
10.1093/bioinformatics/btx232	8	2019-09-04T05:04:20Z
10.1214/18-AOAS1213	0	2019-09-04T05:04:20Z
10.1101/151217	0	2019-09-04T05:04:20Z
10.1038/s41598-018-35365-9	2	2019-09-04T05:04:20Z
10.1038/ncb3494	2	2019-09-04T05:04:20Z
10.1126/science.1254257	1182	2019-09-04T05:04:20Z
10.1038/s41586-019-1367-0	2	2019-09-04T05:04:20Z
10.1093/bioinformatics/bty517	4	2019-09-04T05:04:20Z
10.12688/f1000research.14966.1	9	2019-09-04T05:04:20Z
10.1101/036988	0	2019-09-04T05:04:20Z
10.1093/bioinformatics/bty100	3	2019-09-04T05:04:20Z
10.1101/507871	2	2019-09-04T05:04:20Z
10.1093/bioinformatics/bty176	1	2019-09-04T05:04:20Z
10.1038/s41598-019-45301-0	1	2019-09-04T05:04:20Z
10.1093/bioinformatics/btu674	55	2019-09-04T05:04:20Z
10.1101/248633	0	2019-09-04T05:04:20Z
10.1101/094532	0	2019-09-04T05:04:20Z
10.1038/nbt.3519	1377	2019-09-04T05:04:20Z
10.1101/258566	4	2019-09-04T05:04:20Z
10.1101/200345	11	2019-09-04T05:04:20Z
10.1038/s41592-018-0254-1	15	2019-09-04T05:04:20Z
10.1101/217737	17	2019-09-04T05:04:20Z
10.1101/522474	1	2019-09-04T05:04:20Z
10.1093/bioinformatics/btw729	4	2019-09-04T05:04:20Z
10.1101/459891	5	2019-09-04T05:04:20Z
10.1016/j.cell.2019.05.006	11	2019-09-04T05:04:20Z
10.1093/nar/gkz655	0	2019-09-04T05:04:20Z
10.1101/065094	13	2019-09-04T05:04:20Z
10.1093/bioinformatics/bty1044	17	2019-09-04T05:04:20Z
10.1101/111591	34	2019-09-04T05:04:20Z
10.1016/j.cell.2018.05.061	93	2019-09-04T05:04:20Z
10.1186/s13059-015-0844-5	296	2019-09-04T05:04:20Z
10.1186/s13059-017-1269-0	23	2019-09-04T05:04:20Z
10.1101/314831	4	2019-09-04T05:04:20Z
10.1101/630087	1	2019-09-04T05:04:20Z
10.1101/361980	3	2019-09-04T05:04:20Z
10.1101/532846	1	2019-09-04T05:04:20Z
10.1101/261768	4	2019-09-04T05:04:20Z
10.1101/437665	6	2019-09-04T05:04:20Z
10.1101/150524	2	2019-09-04T05:04:20Z
10.1038/s41467-018-03282-0	37	2019-09-04T05:04:20Z
10.12688/wellcomeopenres.11087.1	14	2019-09-04T05:04:20Z
10.7717/peerj.6970	0	2019-09-04T05:04:20Z
10.1101/686659	0	2019-09-04T05:04:20Z
10.1101/537936	0	2019-09-04T05:04:20Z
10.1016/j.cell.2016.11.038	293	2019-09-04T05:04:20Z
10.1093/bioinformatics/btz351	0	2019-09-04T05:04:20Z
10.1101/456129	4	2019-09-04T05:04:20Z
10.15252/msb.20178124	41	2019-09-04T05:04:20Z
10.1038/nbt.2859	996	2019-09-04T05:04:20Z
10.1038/nmeth.4150	201	2019-09-04T05:04:20Z
10.1101/110668	27	2019-09-04T05:04:20Z
10.1038/nmeth.4402	304	2019-09-04T05:04:20Z
10.1038/ncomms11988	38	2019-09-04T05:04:20Z
10.1101/496810	2	2019-09-04T05:04:20Z
10.1093/bioinformatics/bty050	5	2019-09-04T05:04:20Z
10.1101/713412	1	2019-09-04T05:04:20Z
10.1101/354944	1	2019-09-04T05:04:20Z
10.1038/s41467-019-10216-x	1	2019-09-04T05:04:20Z
10.1101/gr.239202.118	7	2019-09-04T05:04:20Z
10.1186/s13059-018-1438-9	11	2019-09-04T05:04:20Z
10.1101/544346	1	2019-09-04T05:04:20Z
10.1101/234021	0	2019-09-04T05:04:20Z
10.1016/j.cels.2018.05.017	14	2019-09-04T05:04:20Z
10.1016/j.cels.2017.08.014	58	2019-09-04T05:04:20Z
10.1093/bioinformatics/btw607	19	2019-09-04T05:04:20Z
10.1101/543447	0	2019-09-04T05:04:20Z
10.1093/bioinformatics/btw004	14	2019-09-04T05:04:20Z
10.1093/bioinformatics/bty1016	0	2019-09-04T05:04:20Z
10.1038/nmeth.3549	81	2019-09-04T05:04:20Z
10.1101/060442	5	2019-09-04T05:04:20Z
10.1093/bioinformatics/bty498	5	2019-09-04T05:04:20Z
10.1038/s41587-019-0068-4	7	2019-09-04T05:04:20Z
10.1101/271163	0	2019-09-04T05:04:20Z
10.1093/bioinformatics/bty702	3	2019-09-04T05:04:20Z
10.1101/170118	8	2019-09-04T05:04:20Z
10.1101/379883	1	2019-09-04T05:04:20Z
10.1186/s12859-016-0984-y	66	2019-09-04T05:04:20Z
10.1101/211938	1	2019-09-04T05:04:20Z
10.1016/j.cels.2017.10.012	39	2019-09-04T05:04:20Z
10.1101/526848	0	2019-09-04T05:04:20Z
10.1101/120378	9	2019-09-04T05:04:20Z
10.1101/159913	1	2019-09-04T05:04:20Z
10.1038/s41467-018-04696-6	7	2019-09-04T05:04:20Z
10.1101/053348	1	2019-09-04T05:04:20Z
10.1186/s12859-017-1994-0	9	2019-09-04T05:04:20Z
10.1101/117150	3	2019-09-04T05:04:20Z
10.1093/bioinformatics/btx435	31	2019-09-04T05:04:20Z
10.1101/256941	0	2019-09-04T05:04:20Z
10.1093/bioinformatics/btz078	5	2019-09-04T05:04:20Z
10.1101/219188	1	2019-09-04T05:04:20Z
10.1038/s41587-019-0088-0	6	2019-09-04T05:04:20Z
10.1101/047365	0	2019-09-04T05:04:20Z
10.1101/532192	0	2019-09-04T05:04:20Z
10.1016/j.celrep.2019.01.063	0	2019-09-04T05:04:20Z
10.1093/bioinformatics/bty950	5	2019-09-04T05:04:20Z
10.1016/j.stem.2016.05.010	151	2019-09-04T05:04:20Z
10.1101/258699	0	2019-09-04T05:04:20Z
10.1093/bioinformatics/bty260	5	2019-09-04T05:04:20Z
10.1038/ng.3818	150	2019-09-04T05:04:20Z
10.1101/430967	0	2019-09-04T05:04:20Z
10.1038/s41467-017-00039-z	20	2019-09-04T05:04:20Z
10.1186/s12859-019-2977-0	0	2019-09-04T05:04:20Z
10.1101/543199	0	2019-09-04T05:04:20Z
10.1101/374025	0	2019-09-04T05:04:20Z
10.1089/cmb.2018.0255	0	2019-09-04T05:04:20Z
10.1101/699959	0	2019-09-04T05:04:20Z
10.1101/215723	5	2019-09-04T05:04:20Z
10.1093/bioinformatics/bty793	8	2019-09-04T05:04:20Z
10.1186/s12864-017-4019-5	4	2019-09-04T05:04:20Z
10.1101/021592	54	2019-09-04T05:04:20Z
10.1038/nmeth.4197	758	2019-09-04T05:04:20Z
10.1101/335000	0	2019-09-04T05:04:20Z
10.1186/s13059-019-1670-y	5	2019-09-04T05:04:20Z
10.1093/bioinformatics/btt511	62	2019-09-04T05:04:20Z
10.1101/237065	5	2019-09-04T05:04:20Z
10.1101/138677	13	2019-09-04T05:04:20Z
10.1038/s41592-018-0033-z	62	2019-09-04T05:04:20Z
10.1093/bioinformatics/bty329	7	2019-09-04T05:04:20Z
10.1101/036558	27	2019-09-04T05:04:20Z
10.1038/nmeth.4236	273	2019-09-04T05:04:20Z
10.1101/727867	0	2019-09-04T05:04:20Z
10.1101/109629	0	2019-09-04T05:04:20Z
10.1186/s13059-017-1200-8	23	2019-09-04T05:04:20Z
10.1101/504944	2	2019-09-04T05:04:20Z
10.1186/s13059-019-1766-4	0	2019-09-04T05:04:20Z
10.1101/371179	13	2019-09-04T05:04:20Z
10.1038/s41587-019-0113-3	5	2019-09-04T05:04:20Z
10.1101/174029	6	2019-09-04T05:04:20Z
10.1101/208819	17	2019-09-04T05:04:20Z
10.1186/s13059-017-1382-0	147	2019-09-04T05:04:20Z
10.1101/069633	8	2019-09-04T05:04:20Z
10.1093/bioinformatics/btw777	117	2019-09-04T05:04:20Z
10.1101/738997	0	2019-09-04T05:04:20Z
10.1101/383224	0	2019-09-04T05:04:20Z
10.1101/669739	0	2019-09-04T05:04:20Z
10.1038/s41592-019-0355-5	7	2019-09-04T05:04:20Z
10.1093/bib/bby076	7	2019-09-04T05:04:20Z
10.12688/f1000research.16198.1	1	2019-09-04T05:04:20Z
10.1101/743591	0	2019-09-04T05:04:20Z
10.1101/035501	3	2019-09-04T05:04:20Z
10.1186/s13059-016-1077-y	69	2019-09-04T05:04:20Z
10.1101/655795	1	2019-09-04T05:04:20Z
10.1038/nmeth.2967	436	2019-09-04T05:04:20Z
10.1038/s42256-019-0037-0	1	2019-09-04T05:04:20Z
10.1101/437095	0	2019-09-04T05:04:20Z
10.1101/gr.225979.117	9	2019-09-04T05:04:20Z
10.1186/s12918-018-0652-0	1	2019-09-04T05:04:20Z
10.1101/564021	1	2019-09-04T05:04:20Z
10.1101/389296	6	2019-09-04T05:04:20Z
10.1101/375196	0	2019-09-04T05:04:20Z
10.1093/bioinformatics/btw201	29	2019-09-04T05:04:20Z
10.1101/713008	0	2019-09-04T05:04:20Z
10.1101/084202	2	2019-09-04T05:04:20Z
10.1038/ncomms15599	38	2019-09-04T05:04:20Z
10.1093/bioinformatics/bty058	10	2019-09-04T05:04:20Z
10.1101/256644	0	2019-09-04T05:04:20Z
10.1371/journal.pcbi.1006733	3	2019-09-04T05:04:20Z
10.1007/978-3-319-78723-7_31	0	2019-09-04T05:04:20Z
10.1101/390153	5	2019-09-04T05:04:20Z
10.1101/544163	2	2019-09-04T05:04:20Z
10.1101/478503	8	2019-09-04T05:04:20Z
10.1038/s41592-019-0494-8	0	2019-09-04T05:04:20Z
10.1101/599654	0	2019-09-04T05:04:20Z
10.1038/s41596-018-0058-x	5	2019-09-04T05:04:20Z
10.1093/bioinformatics/btz627	0	2019-09-04T05:04:20Z
10.1101/335695	2	2019-09-04T05:04:20Z
10.1101/750612	0	2019-09-04T05:04:20Z
10.1101/367003	2	2019-09-04T05:04:20Z
10.1101/470203	2	2019-09-04T05:04:20Z
10.1101/070151	1	2019-09-04T05:04:20Z
10.1101/141598	18	2019-09-04T05:04:20Z
10.1038/s41467-018-03405-7	89	2019-09-04T05:04:20Z
10.1101/559872	1	2019-09-04T05:04:20Z
10.3390/genes10070531	0	2019-09-04T05:04:20Z
10.1038/nbt.3102	533	2019-09-04T05:04:20Z
10.1101/150292	9	2019-09-04T05:04:20Z
10.1038/nmeth.4644	71	2019-09-04T05:04:20Z
10.1101/356634	0	2019-09-04T05:04:20Z
10.1093/bioinformatics/btz292	1	2019-09-04T05:04:20Z
10.1016/j.cell.2018.02.001	105	2019-09-04T05:04:20Z
10.1101/393280	7	2019-09-04T05:04:20Z
10.1073/pnas.1820006116	3	2019-09-04T05:04:20Z
10.1101/456814	0	2019-09-04T05:04:20Z
10.1101/657619	1	2019-09-04T05:04:20Z
10.1093/bioinformatics/btz288	0	2019-09-04T05:04:20Z
10.1186/s12918-019-0699-6	0	2019-09-04T05:04:20Z
10.1101/543314	1	2019-09-04T05:04:20Z
10.1101/090167	1	2019-09-04T05:04:20Z
10.1038/nmeth.4263	80	2019-09-04T05:04:20Z
10.1186/s12864-019-5747-5	0	2019-09-04T05:04:20Z
10.1186/s12918-018-0581-y	5	2019-09-04T05:04:20Z
10.1101/088856	0	2019-09-04T05:04:20Z
10.1101/235382	13	2019-09-04T05:04:20Z
10.1101/237420	3	2019-09-04T05:04:20Z
10.1016/j.cell.2018.05.057	55	2019-09-04T05:04:20Z
10.1101/079509	11	2019-09-04T05:04:20Z
10.1016/j.compbiolchem.2019.03.013	0	2019-09-04T05:04:20Z
10.1101/046110	1	2019-09-04T05:04:20Z
10.1093/bioinformatics/btw484	8	2019-09-04T05:04:20Z
10.1101/175927	7	2019-09-04T05:04:20Z
10.1371/journal.pcbi.1006361	16	2019-09-04T05:04:20Z
10.1186/s12864-017-4253-x	1	2019-09-04T05:04:20Z
10.1016/j.cels.2019.05.007	0	2019-09-04T05:04:20Z
10.1101/369538	5	2019-09-04T05:04:20Z
10.1016/j.ygeno.2019.02.014	0	2019-09-04T05:04:20Z
10.1186/s13059-019-1681-8	2	2019-09-04T05:04:20Z
10.1186/s13059-016-0947-7	219	2019-09-04T05:04:20Z
10.1101/165118	12	2019-09-04T05:04:20Z
10.1109/TBME.2019.2937228	0	2019-09-04T05:04:20Z
10.1101/665323	0	2019-09-04T05:04:20Z
10.1111/biom.13074	1	2019-09-04T05:04:20Z
10.1101/426981	5	2019-09-04T05:04:20Z
10.1093/nar/gkx750	9	2019-09-04T05:04:20Z
10.1101/459404	2	2019-09-04T05:04:20Z
10.1093/bioinformatics/btz601	0	2019-09-04T05:04:20Z
10.1093/bioinformatics/btz240	0	2019-09-04T05:04:20Z
10.1101/357368	13	2019-09-04T05:04:20Z
10.1101/522037	0	2019-09-04T05:04:20Z
10.1038/s41592-019-0353-7	7	2019-09-04T05:04:20Z
10.1101/570614	1	2019-09-04T05:04:20Z
10.1101/512582	0	2019-09-04T05:04:20Z
10.1038/nbt.3854	78	2019-09-04T05:04:20Z
10.1101/566182	1	2019-09-04T05:04:20Z
10.1073/pnas.1408993111	158	2019-09-04T05:04:20Z
10.1101/632216	3	2019-09-04T05:04:20Z
10.1101/333393	0	2019-09-04T05:04:20Z
10.1101/318295	11	2019-09-04T05:04:20Z
10.1371/journal.pcbi.1006053	8	2019-09-04T05:04:20Z
10.1186/s12864-016-2897-6	11	2019-09-04T05:04:20Z
10.1101/292037	16	2019-09-04T05:04:20Z
10.1038/s41592-018-0229-2	51	2019-09-04T05:04:20Z
10.1101/532895	1	2019-09-04T05:04:20Z
10.1038/s41467-018-04368-5	36	2019-09-04T05:04:20Z
10.1093/bib/bbx074	1	2019-09-04T05:04:20Z
10.1101/553040	1	2019-09-04T05:04:20Z
10.1038/nbt.3192	773	2019-09-04T05:04:20Z
10.1101/164889	27	2019-09-04T05:04:20Z
10.1038/nbt.4096	678	2019-09-04T05:04:20Z
10.1101/460147	30	2019-09-04T05:04:20Z
10.1101/576827	11	2019-09-04T05:04:20Z
10.1016/j.cell.2019.05.031	39	2019-09-04T05:04:20Z
10.1101/461640	0	2019-09-04T05:04:20Z
10.1101/250811	1	2019-09-04T05:04:20Z
10.1016/j.ymeth.2018.04.017	1	2019-09-04T05:04:20Z
10.1371/journal.pcbi.1006369	3	2019-09-04T05:04:20Z
10.1101/052225	6	2019-09-04T05:04:20Z
10.1038/nmeth.4207	130	2019-09-04T05:04:20Z
10.1002/pmic.201700232	10	2019-09-04T05:04:20Z
10.1101/014472	0	2019-09-04T05:04:20Z
10.1093/bioinformatics/btv368	36	2019-09-04T05:04:20Z
10.1371/journal.pcbi.1004575	101	2019-09-04T05:04:20Z
10.1007/978-1-4939-7710-9_15	0	2019-09-04T05:04:20Z
10.1093/bioinformatics/btx575	11	2019-09-04T05:04:20Z
10.1093/bioinformatics/btx297	3	2019-09-04T05:04:20Z
10.1101/534834	3	2019-09-04T05:04:20Z
10.1186/s12864-019-6053-y	0	2019-09-04T05:04:20Z
10.1101/557967	0	2019-09-04T05:04:20Z
10.1016/j.cels.2019.06.004	0	2019-09-04T05:04:20Z
10.1101/621805	1	2019-09-04T05:04:20Z
10.1101/329755	1	2019-09-04T05:04:20Z
10.1101/284604	2	2019-09-04T05:04:20Z
10.1038/s41590-018-0276-y	28	2019-09-04T05:04:20Z
10.1093/nar/gkv1525	23	2019-09-04T05:04:20Z
10.1093/bioinformatics/btz139	0	2019-09-04T05:04:20Z
10.1093/bioinformatics/btw176	20	2019-09-04T05:04:20Z
10.1101/456772	0	2019-09-04T05:04:20Z
10.1101/136242	2	2019-09-04T05:04:20Z
10.1186/s13059-017-1334-8	23	2019-09-04T05:04:20Z
10.1101/603589	0	2019-09-04T05:04:20Z
10.1093/nar/gkw1278	20	2019-09-04T05:04:20Z
10.1186/s13059-016-0975-3	73	2019-09-04T05:04:20Z
10.1101/128843	16	2019-09-04T05:04:20Z
10.1186/s12864-018-4772-0	51	2019-09-04T05:04:20Z
10.1101/672261	0	2019-09-04T05:04:20Z
10.1093/bioinformatics/btv088	161	2019-09-04T05:04:20Z
10.1101/168922	1	2019-09-04T05:04:20Z
10.1073/pnas.1817715116	2	2019-09-04T05:04:20Z
10.1101/699637	0	2019-09-04T05:04:20Z
10.1101/303727	11	2019-09-04T05:04:20Z
10.1038/nbt.1991	487	2019-09-04T05:04:20Z
10.1038/nprot.2016.066	47	2019-09-04T05:04:20Z
10.1093/nar/gkx1113	8	2019-09-04T05:04:20Z
10.1101/636639	0	2019-09-04T05:04:20Z
10.1101/133173	6	2019-09-04T05:04:20Z
10.1186/s13059-017-1305-0	89	2019-09-04T05:04:20Z
10.1101/090332	9	2019-09-04T05:04:20Z
10.1101/677740	1	2019-09-04T05:04:20Z
10.1101/344242	1	2019-09-04T05:04:20Z
10.1016/j.gpb.2018.10.003	1	2019-09-04T05:04:20Z
10.1101/095810	4	2019-09-04T05:04:20Z
10.1038/s41467-018-07170-5	1	2019-09-04T05:04:20Z
10.1093/bioinformatics/bts635	6485	2019-09-04T05:04:20Z
10.1038/ncb3493	185	2019-09-04T05:04:20Z
10.1101/302554	3	2019-09-04T05:04:20Z
10.1038/s41467-019-09670-4	4	2019-09-04T05:04:20Z
10.1093/bioinformatics/btw798	3	2019-09-04T05:04:20Z
10.1101/276261	1	2019-09-04T05:04:20Z
10.1016/j.cels.2018.10.015	7	2019-09-04T05:04:20Z
10.1101/378646	0	2019-09-04T05:04:20Z
10.1038/s41467-019-10500-w	2	2019-09-04T05:04:20Z
10.1093/nar/gkz147	0	2019-09-04T05:04:20Z
10.1101/116939	2	2019-09-04T05:04:20Z
10.1093/nar/gkx754	12	2019-09-04T05:04:20Z
10.1093/bioinformatics/btx173	20	2019-09-04T05:04:20Z
10.1101/401943	0	2019-09-04T05:04:20Z
10.1038/s41467-018-05112-9	1	2019-09-04T05:04:20Z
10.1101/463265	0	2019-09-04T05:04:20Z
10.1101/519660	0	2019-09-04T05:04:20Z
10.1101/057778	5	2019-09-04T05:04:20Z
10.1038/nmeth.3800	163	2019-09-04T05:04:20Z
10.1101/522672	0	2019-09-04T05:04:20Z
10.1093/nar/gkx615	32	2019-09-04T05:04:20Z
10.1038/nmeth.4634	19	2019-09-04T05:04:20Z
10.1101/217778	0	2019-09-04T05:04:20Z
10.1093/bioinformatics/bty283	4	2019-09-04T05:04:20Z
10.1093/nar/gkw430	149	2019-09-04T05:04:20Z
10.1186/s12864-019-5477-8	0	2019-09-04T05:04:20Z
10.1038/s41586-018-0836-1	22	2019-09-04T05:04:20Z
10.1101/051755	5	2019-09-04T05:04:20Z
10.1101/gr.209601.116	156	2019-09-04T05:04:20Z
10.1101/648683	0	2019-09-04T05:04:20Z
10.1101/073692	5	2019-09-04T05:04:20Z
10.1038/nmeth.4220	175	2019-09-04T05:04:20Z
10.1101/142398	0	2019-09-04T05:04:20Z
10.1093/bioinformatics/bty293	2	2019-09-04T05:04:20Z
10.1126/science.aar3131	106	2019-09-04T05:04:20Z
10.1101/166736	4	2019-09-04T05:04:20Z
10.1101/199315	4	2019-09-04T05:04:20Z
10.1016/j.gpb.2018.08.003	10	2019-09-04T05:04:20Z
10.1101/181156	2	2019-09-04T05:04:20Z
10.1093/bioinformatics/bty203	15	2019-09-04T05:04:20Z
10.1101/206052	9	2019-09-04T05:04:20Z
10.1038/s41586-018-0414-6	129	2019-09-04T05:04:20Z
10.1186/s13059-018-1575-1	3	2019-09-04T05:04:20Z
10.1101/403055	1	2019-09-04T05:04:20Z
10.1007/s12539-017-0277-9	0	2019-09-04T05:04:20Z
10.1101/523993	0	2019-09-04T05:04:20Z
10.1186/s13059-016-1033-x	85	2019-09-04T05:04:20Z
10.1038/nbt.3569	273	2019-09-04T05:04:20Z
10.1101/191056	25	2019-09-04T05:04:20Z
10.1016/j.cell.2019.01.006	15	2019-09-04T05:04:20Z
10.1101/221911	1	2019-09-04T05:04:20Z
10.1038/s41598-019-47016-8	0	2019-09-04T05:04:20Z
10.1101/679183	0	2019-09-04T05:04:20Z
10.1186/s13059-015-0805-z	222	2019-09-04T05:04:20Z
10.1101/125112	15	2019-09-04T05:04:20Z
10.1038/s41467-017-02554-5	81	2019-09-04T05:04:20Z
10.1101/250126	0	2019-09-04T05:04:20Z
10.1186/s13059-018-1406-4	24	2019-09-04T05:04:20Z
10.1101/157982	6	2019-09-04T05:04:20Z
10.1101/153940	8	2019-09-04T05:04:20Z
10.1093/gigascience/giy059	23	2019-09-04T05:04:20Z
