Tool	DOI
acorde	10.1038/s41467-022-29497-w
acorde	10.1101/2021.05.07.441841
ACTINN	10.1093/bioinformatics/btz592
ACTINN	10.1101/532093
ACTION	10.1038/s41467-018-03933-2
ACTION	10.1101/081273
ACTIONet	10.1038/s41467-020-18416-6
ACTIONet	10.1101/746339
ACTIVA	10.1093/bioinformatics/btac095
ACTIVA	10.1101/2021.01.28.428725
activeSVC	10.1038/s43588-022-00263-8
activeSVC	10.1101/2021.06.15.448478
ADC	10.1371/journal.pcbi.1009548
ADClust	10.1093/bib/bbac172
ADClust	10.1101/2021.12.19.473334
ADImpute	10.1101/611517
ADImpute	10.1371/journal.pcbi.1009849
adobo	10.1093/bioinformatics/btaa269
AE-TPGG	10.1007/s11704-022-2011-y
aggregateBioVar	10.1093/bioinformatics/btab337
AGImpute	10.1093/bioinformatics/btae068
airrflow	10.1101/2024.01.18.576147
airrflow	10.1371/journal.pcbi.1012265
Alakazam	10.1093/bioinformatics/btv359
aLDG	arxiv/2203.01990
alevin-fry	10.1038/s41592-022-01408-3
alevin-fry	10.1101/2021.06.29.450377
ALRA	10.1038/s41467-021-27729-z
ALRA	10.1101/397588
AltAnalyze	10.1038/nature19348
AltAnalyze	10.1093/nar/gkz789
AltAnalyze	10.1101/412080
AlzScPred	10.1101/2023.07.07.548171
AmbientContaminationMetrics	10.1016/j.isci.2023.107242
AmbientContaminationMetrics	10.1101/2022.10.25.513758
anchor	10.1016/j.molcel.2017.06.003
Anchored-Fusion	10.1016/j.crmeth.2024.100733
Annotatability	10.1038/s43588-024-00721-5
Annotatability	10.1101/2024.04.06.588373
AnnSql	10.1101/2024.11.02.621676
ANS	10.1101/2023.09.20.558114
anticor_features	10.1038/s41467-023-43406-9
anticor_features	10.1101/2022.12.05.519161
APL	10.1016/j.jmb.2022.167525
APL	10.1101/2020.10.23.352096
ASAP	10.1093/bioinformatics/btx337
ASAP	10.1093/nar/gkaa412
ASAP	10.1101/096222
Asc-Seurat	10.1101/2021.03.19.436196
Asc-Seurat	10.1186/s12859-021-04472-2
ascend	10.1093/gigascience/giz087
ascend	10.1101/207704
ASTK	10.1002/aisy.202300594
ASTK	10.1101/2023.01.03.522470
ASURAT	10.1093/bioinformatics/btac541
ASURAT	10.1101/2021.06.09.447731
ATAXIC	10.1155/2022/4106736
AUCell	10.1038/nmeth.4463
AUCell	10.1101/144501
Augur	10.1038/s41587-020-0605-1
Augur	10.1038/s41596-021-00561-x
Augur	10.1101/2019.12.20.884916
AutoClass	10.1038/s41467-022-29576-y
AutoClass	10.1101/2020.12.04.412247
AutoImpute	10.1038/s41598-018-34688-x
AutomaticCellTypeIdentification	10.1016/j.csbj.2021.10.027
AWGAN	10.1093/bioinformatics/btac427
AWGAN	10.1101/2021.11.08.467781
BABEL	10.1073/pnas.2023070118
BABEL	10.1101/2020.11.09.375550
BackSPIN	10.1126/science.aaa1934
BALDR	10.1186/s13073-018-0528-3
BAMMSC	10.1038/s41467-019-09639-3
BAMMSC	10.1101/392662
BarCounter	10.1186/s12859-022-04620-2
baredSC	10.1101/2021.05.26.445740
baredSC	10.1186/s12859-021-04507-8
BarMixer	10.1186/s12859-022-04620-2
BARtab	10.1016/j.crmeth.2024.100763
BARtab	10.1101/2023.11.21.568179
bartools	10.1101/2023.11.21.568179
BASIC	10.1093/bioinformatics/btw631
BASiCS	10.1016/j.cels.2018.06.011
BASiCS	10.1101/035949
BASiCS	10.1101/237214
BASiCS	10.1186/s13059-016-0930-3
BASiCS	10.12688/f1000research.74416.1
BASiCS	10.1371/journal.pcbi.1004333
BasisVAE	arxiv/2003.03462
BatchAIF	10.1371/journal.pcbi.1011880
BatchBench	10.1093/nar/gkab004
BatchBench	10.1101/2020.05.22.111211
batchelor	10.1038/nbt.4091
batchelor	10.1101/165118
BATMAN	10.1016/j.isci.2020.101185
BATMAN	10.1101/2020.01.22.915629
BayesEATS	10.1007/s12561-021-09308-4
BayesPrism	10.1038/s43018-022-00356-3
BayesPrism	10.1101/2020.01.07.897900
bayNorm	10.1093/bioinformatics/btz726
bayNorm	10.1101/384586
bbknn	10.1093/bioinformatics/btz625
bbknn	10.1101/397042
BC_tSNE	10.1093/bioinformatics/btaa189
BCseq	10.1093/nar/gky308
BDA	10.1093/nargab/lqab118
BDA	10.1101/2021.02.01.429187
BEANIE	10.1038/s41467-025-57377-6
BEANIE	10.1101/2021.10.22.465130
BEARscc	10.1038/s41467-018-03608-y
BEARscc	10.1101/118919
BEELINE	10.1038/s41592-019-0690-6
BEELINE	10.1101/642926
BEENE	10.1093/bioinformatics/btad479
BEER	10.1038/s41421-019-0114-x
BENISSE	10.1038/s42256-022-00492-6
BERMUDA	10.1101/641191
BERMUDA	10.1186/s13059-019-1764-6
BESCA	10.1093/nargab/lqab102
BESCA	10.1101/2020.08.11.245795
Beyondcell	10.1101/2021.04.08.438954
Beyondcell	10.1186/s13073-021-01001-x
Bfimpute	10.1016/j.crmeth.2021.100133
Bfimpute	10.1101/2021.02.10.430649
Bfimpute	10.2139/ssrn.3867727
BiGCN	10.1101/2024.04.05.588342
bigSCale	10.1101/197244
bigSCale	10.1101/gr.230771.117
bigSCale2	10.1101/197244
bigSCale2	10.1101/446104
bigSCale2	10.1101/gr.230771.117
bigSCale2	10.1186/s13059-019-1713-4
BigSur	10.1101/2023.03.14.532643
BigSur	10.1186/s12859-024-05926-z
bindSC	10.1101/2020.12.11.422014
bindSC	10.1186/s13059-022-02679-x
BingleSeq	10.1101/2020.06.16.148239
BingleSeq	10.7717/peerj.10469
biolord	10.1038/s41587-023-02079-x
biolord	10.1101/2023.03.05.531195
Biomodelling	10.1101/2021.10.13.464275
Biomodelling	10.1186/s12859-022-04778-9
BioTIP	10.1093/nar/gkac452
BioTIP	10.1101/668442
BIRD	10.1038/s41467-017-01188-x
BIRD	10.1093/nar/gkz716
BIRD	10.1101/035808
BIRD	10.1101/035816
BISCUIT	10.18547/gcb.2017.vol3.iss1.e46
Bisque	10.1038/s41467-020-15816-6
Bisque	10.1101/669911
BITFAM	10.1101/gr.265595.120
bollito	10.1093/bioinformatics/btab758
bonvoyage	10.1016/j.molcel.2017.06.003
BPSC	10.1093/bioinformatics/btw202
BraCeR	10.1038/s41592-018-0082-3
BraCeR	10.1101/185504
BranchedGP	10.1101/166868
BranchedGP	10.1186/s13059-018-1440-2
BRAPeS	10.1101/389999
BRAPeS	10.26508/lsa.201900371
BREM-SC	10.1093/nar/gkaa314
BREM-SC	10.1101/2020.01.18.911461
BRIE	10.1101/098517
BRIE	10.1101/2020.11.04.368019
BRIE	10.1186/s13059-017-1248-5
BRIE	10.1186/s13059-021-02461-5
BSDE	10.1093/bioinformatics/btac171
BSDE	10.1101/2021.05.10.443350
bseqsc	10.1016/j.cels.2016.08.011
BTR	10.1186/s12859-016-1235-y
BUSseq	10.1038/s41467-020-16905-2
BUSseq	10.1101/533372
bustools	10.1038/s41587-021-00870-2
bustools	10.1038/s41596-024-01057-0
bustools	10.1093/bioinformatics/btz279
bustools	10.1101/2023.11.21.568164
bustools	10.1101/472571
bustools	10.1101/673285
BZINB	10.1101/2020.03.06.977728
BZINB	10.1177/09622802231172028
CAbiNet	10.1093/nar/gkae480
CAbiNet	10.1101/2022.12.20.521232
CACIMAR	10.1093/bib/bbae283
CACIMAR	10.1101/2024.01.23.576964
CACTUS	10.1101/2020.06.05.134452
CACTUS	10.1186/s13073-021-00842-w
CAISC	10.1186/s12859-022-04625-x
CALISTA	10.1101/2020.04.23.056069
CALISTA	10.1101/257550
CALISTA	10.12688/f1000research.131861.1
CALISTA	10.3389/fbioe.2020.00018
callback	10.1016/j.ajhg.2025.02.014
callback	10.1101/2024.03.08.584180
CAMLU	10.1093/bioinformatics/btac617
CAMLU	10.1101/2021.09.25.461825
CancerInSilico	10.1101/328807
CancerInSilico	10.1371/journal.pcbi.1006935
Canek	10.1093/nargab/lqac022
Canek	10.1101/2021.05.05.442380
Canopy2	10.1007/s12561-024-09466-1
Canopy2	10.1101/2024.03.18.585595
CanSig	10.1101/2022.04.14.488324
CAPITAL	10.1038/s41467-022-33681-3
CAPITAL	10.1101/859751
Capybara	10.1016/j.stem.2022.03.001
Capybara	10.1101/2020.02.17.947390
CARDAMOM	10.1101/2022.06.19.496754
CARDAMOM	10.1371/journal.pcbi.1010962
CarDEC	10.1101/2020.09.23.310003
CarDEC	10.1101/gr.271874.120
cardelino	10.1038/s41592-020-0766-3
cardelino	10.1101/413047
CASCC	10.1093/bioinformatics/btae283
CaSee	10.1038/s41388-022-02478-5
CaSee	10.1101/2022.02.10.480003
CASi	10.1038/s41598-024-58566-x
CASi	10.1101/2023.08.16.553543
CaSpER	10.1038/s41467-019-13779-x
CaSTLe	10.1371/journal.pone.0205499
CausalDAG	10.1093/bioinformatics/btab167
CausalDAG	10.1101/2020.05.13.093765
cb_sniffer	10.1038/s41467-019-11591-1
cb_sniffer	10.1101/434746
ccAFv2	10.1101/2024.04.16.589816
ccdf	10.1101/2021.05.21.445165
ccfindR	10.26508/lsa.201900443
ccImpute	10.1186/s12859-022-04814-8
CCLONE	10.1093/bioinformatics/btae512
CCLONE	10.1101/2024.02.21.581377
ccNet	10.1093/bioinformatics/btac114
CCNMF	10.1093/nargab/lqae017
CCNMF	10.1101/2020.02.04.934455
CCPE	10.1093/nar/gkab1236
CCPE	10.1101/2021.06.13.448263
CCPlotR	10.1093/bioadv/vbad130
ccRemover	10.1038/srep33892
ccRemover	arxiv/1605.04492
CCSF	10.1016/j.patter.2023.100840
CCSN	10.1016/j.gpb.2020.05.005
CCSN	10.1101/2020.01.25.919829
CDI	10.1101/2022.01.03.474840
CDI	10.1186/s13059-022-02825-5
CDR-g	10.1101/2023.03.12.532317
CDSKNN	10.1186/s12967-024-05009-w
CEFCON	10.1038/s41467-023-44103-3
CeLEry	10.1038/s41467-023-39895-3
Cell-BLAST	10.1038/s41467-020-17281-7
Cell-BLAST	10.1101/587360
cell2cell	10.1038/s41467-022-31369-2
cell2cell	10.1101/2020.11.22.392217
cell2cell	10.1101/2021.09.20.461129
cell2cell	10.1371/journal.pcbi.1010715
cell2fate	10.1038/s41592-025-02608-3
cell2fate	10.1101/2023.08.03.551650
cell2location	10.1038/s41587-021-01139-4
cell2location	10.1101/2020.11.15.378125
cell2sentence	10.1101/2022.09.18.508438
cell2sentence-ft	10.1101/2023.09.11.557287
CellAgentChat	10.1101/2023.08.23.554489
cellAlign	10.1038/nmeth.4628
CellANOVA	10.1038/s41587-024-02463-1
CellANOVA	10.1101/2023.05.05.539614
Cellar	10.1038/s41467-022-29744-0
Cellar	10.1101/2021.03.19.436162
cellassign	10.1038/s41592-019-0529-1
cellassign	10.1101/521914
cellatlas	10.1093/bioinformatics/btae168
cellatlas	10.1101/2023.09.14.543267
cellatlas	10.1101/2024.03.23.586413
CellBench	10.1038/s41592-019-0425-8
CellBench	10.1093/bioinformatics/btz889
CellBench	10.1101/433102
CellBender	10.1038/s41592-023-01943-7
CellBender	10.1101/791699
CellBIC	10.1093/nar/gky698
CellBridge	10.1093/bioinformatics/btad760
CellCall	10.1093/nar/gkab638
CellCap	10.1016/j.cels.2025.101245
CellCap	10.1101/2024.03.14.585078
CellChat	10.1038/s41467-021-21246-9
CellChat	10.1038/s41596-024-01045-4
CellChat	10.1101/2020.07.21.214387
CellChat	10.1101/2023.11.05.565674
CellContrast	10.1016/j.patter.2024.101022
CellContrast	10.1101/2023.10.12.562026
cellDancer	10.1038/s41587-023-01728-5
CellDemux	10.1101/2024.01.18.576186
CellDrift	10.1093/bib/bbac324
CellDrift	10.1101/2022.04.13.488194
cellenium	10.1093/bioinformatics/btad349
CellexalVR	10.1016/j.isci.2021.103251
CellexalVR	10.1101/329102
CellFishing	10.1101/374462
CellFishing	10.1186/s13059-019-1639-x
CellGEP	10.1016/j.crmeth.2024.100813
CellGEP	10.1101/2023.02.05.526424
cellgrid	10.1101/2020.07.22.216002
CellHint	10.1016/j.cell.2023.11.026
CellHint	10.1101/2023.05.01.538994
CellID	10.1038/s41587-021-00896-6
CellID	10.1101/2020.07.23.215525
Cellity	10.1186/s13059-016-0888-1
CellLayers	10.1093/bioadv/vbac051
CellLayers	10.1101/2020.11.29.400614
cellmarkeraccordion	10.1101/2024.03.08.584053
CellMeSH	10.1093/bioinformatics/btab834
CellMeSH	10.1101/2020.05.29.124743
CellMixS	10.1101/2020.12.11.420885
CellMixS	10.26508/lsa.202001004
CellO	10.1016/j.isci.2020.101913
CellO	10.1101/634097
cellograph	10.1101/2023.02.24.528672
cellograph	10.1186/s12859-024-05641-9
CellOracle	10.1016/j.stemcr.2022.11.010
CellOracle	10.1038/s41586-022-05688-9
CellOracle	10.1101/2020.02.17.947416
CellOT	10.1038/s41592-023-01969-x
CellOT	10.21203/rs.3.rs-1805107/v1
CellPath	10.1016/j.crmeth.2021.100095
CellPath	10.1101/2020.09.30.321125
CellPhoneDB	10.1038/s41586-018-0698-6
CellPhoneDB	10.1038/s41596-020-0292-x
CellPhoneDB	10.1101/429589
CellPhoneDB	10.1101/680926
CellPhoneDB	arxiv/2311.04567
CellPLM	10.1101/2023.10.03.560734
CellRanger	10.1038/ncomms14049
CellRanger	10.1101/065912
CellRank	10.1038/s41592-021-01346-6
CellRank	10.1038/s41592-024-02303-9
CellRank	10.1101/2020.10.19.345983
CellRank	10.1101/2023.07.19.549685
CellRegMap	10.1101/2021.09.01.458524
CellRegMap	10.15252/msb.202110663
CellRouter	10.1038/s41467-018-03214-y
CellSIUS	10.1101/514950
CellSIUS	10.1186/s13059-019-1739-7
cellsnake	10.1093/gigascience/giad091
cellsnake	10.1101/2023.05.03.539204
cellsnp-lite	10.1093/bioinformatics/btab358
cellsnp-lite	10.1101/2020.12.31.424913
CellST	10.1016/j.ailsci.2023.100068
cellstates	10.1101/2023.10.31.564980
cellstates	10.1371/journal.pcbi.1012224
cellstruct	10.1101/2023.11.13.566337
CellTagR	10.1038/s41596-019-0247-2
CellTagR	10.1101/335547
CellTagR	10.1186/s13059-019-1699-y
celltalker	10.1016/j.immuni.2019.11.014
CellTICS	10.1093/bib/bbad449
CellTools	10.1101/2021.10.15.464552
CellTrails	10.1016/j.celrep.2018.05.002
CellTree	10.1186/s12859-016-1175-6
CellTrek	10.1038/s41587-022-01233-1
CellTrek	10.1101/2021.11.24.469915
CellTypist	10.1101/2023.05.01.538994
CellTypist	10.1126/science.abl5197
CellView	10.1101/123810
cellxgene_VIP	10.1101/2020.08.28.270652
cellxgene_VIP	10.21203/rs.3.rs-1544196/v1
Census	10.1093/bioinformatics/btad714
Census	10.1101/2022.10.19.512926
Cepo	10.1038/s43588-021-00172-2
Cepo	10.1101/2021.01.10.426138
Cerebro	10.1093/bioinformatics/btz877
Cerebro	10.1101/631705
CeSpGRN	10.1101/2022.03.03.482887
CeTF	10.1186/s12864-021-07918-2
cFIT	10.1073/pnas.2024383118
cFIT	10.1101/2020.08.31.276345
CHAI	10.1101/2024.03.19.585758
Change-O	10.1093/bioinformatics/btv359
CHETAH	10.1093/nar/gkz543
CHETAH	10.1101/558908
Chloris	10.1101/2023.10.22.563455
CHOIR	10.1038/s41588-025-02148-8
CHOIR	10.1101/2024.01.18.576317
chooseR	10.1186/s12859-021-03957-4
Chord	10.1038/s42003-022-03476-9
Chord	10.1101/2021.05.07.442884
CIA	10.1101/2023.11.30.569382
CIARA	10.1101/2022.08.01.501965
CIARA	10.1242/dev.201264
CIDER	10.1101/2021.03.29.437525
CIDER	10.1186/s13059-021-02561-2
CIDR	10.1101/068775
CIDR	10.1186/s13059-017-1188-0
CIForm	10.1093/bib/bbad195
CIMLA	arxiv/2304.12523
CINEMA-OT	10.1038/s41592-023-02040-5
CINEMA-OT	10.1101/2022.07.31.502173
CIPR	10.1186/s12859-020-3538-2
CiteFuse	10.1093/bioinformatics/btaa282
CiteFuse	10.1101/854299
CITEViz	10.1101/2022.05.15.491411
CITEViz	10.1186/s12859-024-05762-1
Citrus	10.1038/s41598-017-13665-w
Citrus	10.1101/045070
CL-Impute	10.1016/j.compbiomed.2023.107263
CLEAR	10.1093/bib/bbac377
CLEAR	10.1101/2021.07.26.453730
clonealign	10.1101/344309
clonealign	10.1186/s13059-019-1645-z
ClonoCluster	10.1016/j.xgen.2022.100247
ClonoCluster	10.1101/2022.02.11.480077
ClustAssess	10.1101/2022.01.31.478592
cluster_diffex	10.1101/250704
cluster_diffex	10.1186/s13073-018-0567-9
ClusterDE	10.1101/2023.07.21.550107
ClusterDE	10.21203/rs.3.rs-3211191/v1
clusterExperiment	10.1101/280545
clusterExperiment	10.1371/journal.pcbi.1006378
ClusterFoldSimilarity	10.1101/2022.03.14.483731
ClusterMap	10.1093/bioinformatics/btz024
ClusterMap	10.1101/331330
ClusterMine	10.1101/255711
ClusterMine	10.1142/s0219720020400090
clusterpval	arxiv/2012.02936
clustifyr	10.1101/855064
clustifyr	10.12688/f1000research.22969.1
clustifyr	10.12688/f1000research.22969.2
CMFImpute	10.1093/bioinformatics/btaa109
cna	10.1038/s41587-021-01066-4
cna	10.1101/2021.04.19.440534
cNMF	10.1101/310599
cNMF	10.7554/eLife.43803
CNNC	10.1073/pnas.1911536116
CNNC	10.1101/365007
COAC	10.1371/journal.pcbi.1006772
Cobolt	10.1101/2021.04.03.438329
Cobolt	10.1186/s13059-021-02556-z
cocoa	10.1101/2022.03.15.484475
CoGAPs	10.1093/bioinformatics/btq503
cola	10.1093/bib/bbac048
cola	10.1093/nar/gkaa1146
cola	10.1101/2021.09.03.458844
CombiROC	10.1101/2022.01.17.476603
COMET	10.1101/655753
COMET	10.15252/msb.20199005
CommPath	10.1016/j.csbj.2022.10.028
community	10.1101/2024.03.01.582941
Compartmap	10.1101/2021.05.17.444465
Compound-SNE	10.1093/bioinformatics/btae471
Compound-SNE	10.1101/2024.02.29.582536
CONCLUS	10.1101/774547
condiments	10.1038/s41467-024-44823-0
condiments	10.1101/2021.03.09.433671
CoNGA	10.1038/s41587-021-00989-2
CoNGA	10.1101/2020.06.04.134536
CONGAS	10.1093/bioinformatics/btac143
CONGAS	10.1101/2021.02.02.429335
CONGASp	10.1101/2023.04.01.535197
CONGASp	10.1371/journal.pcbi.1011557
CONICS	10.1093/bioinformatics/bty316
Connectome	10.1038/s41598-022-07959-x
Connectome	10.1101/2021.01.21.427529
Conos	10.1038/s41592-019-0466-z
Conos	10.1101/460246
constclust	10.1101/2020.12.08.417105
contrastiveVI	10.1038/s41592-023-01955-3
contrastiveVI	10.1101/2021.12.21.473757
COPILOT	10.1016/j.xpro.2022.101729
CopulaGCN	10.1101/2021.11.15.468695
CopulaGCN	10.1371/journal.pcbi.1009600
CopyKAT	10.1038/s41587-020-00795-2
copyVAE	10.1093/bioinformatics/btae284
corral	10.1038/s41598-022-26434-1
corral	10.1101/2021.11.24.469874
Corvo	arxiv/2212.00519
COSG	10.1093/bib/bbab579
COSG	10.1101/2021.06.15.448484
COSGR	10.1101/2021.06.15.448484
cosin	arxiv/2305.11669
COSLIR	10.1038/s41598-024-62850-1
COSLIR	10.1101/2021.05.12.443928
CoSpar	10.1038/s41587-022-01209-1
CoSpar	10.1101/2021.05.06.443026
CosTaL	10.1093/bib/bbad157
CosTaL	10.1101/2022.11.10.516044
COT	10.1093/bioadv/vbac037
COT	10.1101/2021.01.10.426146
COTAN	10.1093/nargab/lqab072
countClust	10.1101/051631
countClust	10.1371/journal.pgen.1006599
countland	10.1007/s12064-023-00408-x
countland	10.1101/2022.06.01.494334
countsplit	arxiv/2307.12985
coupleCoC	10.1093/bib/bbaa347
coupleCoC	10.1101/2020.03.28.013938
coupleCoC_plus	10.1101/2021.02.17.431728
coupleCoC_plus	10.1371/journal.pcbi.1009064
coupledAE-patchseq	10.1038/s43588-021-00030-1
coupledAE-patchseq	10.1101/2020.06.30.181065
CoupleVAE	10.1093/bib/bbaf126
CoupleVAE	10.1101/2024.03.05.583614
CPA	10.1101/2021.04.14.439903
CPA	10.15252/msb.202211517
CPLVM	arxiv/2102.06731
CRMetrics	10.21203/rs.3.rs-2853524/v1
CrossTalkeR	10.1093/bioinformatics/btab370
CrossTalkeR	10.1101/2021.01.20.427390
CS-CORE	10.1038/s41467-023-40503-7
CS-CORE	10.1101/2022.12.13.520181
CSHMM	10.1093/bioinformatics/btz296
CSHMM	10.1101/380568
CSHMM-TF	10.1371/journal.pcbi.1007644
CSMF	10.1093/nar/gkz488
CSMF	10.1101/272443
CSN	10.1093/nar/gkz172
CSOmap	10.1038/s41422-020-0353-2
CSOmap	10.1101/2020.02.13.948521
CStreet	10.1093/bioinformatics/btab488
CTAT-LR-fusion	10.1101/2024.02.24.581862
CTAT-LR-fusion	10.1101/gr.279200.124
CTMM	10.1038/s41467-024-49242-9
CTMM	10.1101/2023.02.24.529987
CTpathway	10.1186/s13073-022-01119-6
cTPnet	10.1038/s41467-020-14391-0
cTPnet	10.1101/671180
cvCovEst	arxiv/2102.09715
Cyclum	10.1038/s41467-020-15295-9
Cyclum	10.1101/625566
cytocipher	10.1093/bioinformatics/btad435
cytocipher	10.1101/2022.08.12.503759
Cytopath	10.1016/j.crmeth.2022.100359
Cytopath	10.1101/2020.12.21.423801
CytoSPACE	10.1038/s41587-023-01697-9
CytoSPACE	10.1101/2022.05.20.488356
CytoTalk	10.1101/2020.03.29.014464
CytoTalk	10.1126/sciadv.abf1356
CytoTRACE2	10.1101/2024.03.19.585637
D-EE	10.1093/gigascience/giaa126
D-SPIN	10.1101/2023.04.19.537364
D3E	10.1101/020735
D3E	10.1186/s12859-016-0944-6
DAARIO	10.1101/2024.04.05.588238
DAARIO	10.1186/s13059-025-03530-9
DALI	10.1101/2021.12.07.471549
DANCE	10.1101/2022.10.19.512741
DANCE	10.1186/s13059-024-03211-z
dandelion	10.1038/s41587-023-01734-7
dandelion	10.1038/s41591-021-01329-2
dandelion	10.1101/2021.01.13.21249725
dandelion	10.1101/2022.11.18.517068
DAPCA	arxiv/2208.13290
DAZZLE	10.1101/2023.01.26.525733
dbcti	10.1093/nar/gkac785
DC3	10.1038/s41467-019-12547-1
DCA	10.1038/s41467-018-07931-2
DCA	10.1101/300681
DCA_R	10.1371/journal.pcbi.1006391
DCATS	10.1101/2022.03.21.485232
DCATS	10.1186/s13059-023-02980-3
DCLEAR	10.1186/s12859-022-04633-x
DCP	10.1016/j.cels.2023.12.002
ddqc	10.1101/2021.10.27.466176
ddqc	10.1186/s13059-022-02820-w
ddSeeker	10.1186/s12864-018-5249-x
de-goulash	10.1038/s42003-023-04557-z
DECENT	10.1093/bioinformatics/btz453
DECENT	10.1101/225177
DECODE	10.1101/241646
decontX	10.1093/nar/gkad1032
decontX	10.1101/2023.01.27.525964
decontX	10.1101/704015
decontX	10.1186/s13059-020-1950-6
decoupler	10.1093/bioadv/vbac016
decoupler	10.1101/2021.11.04.467271
deCS	10.1016/j.gpb.2022.04.001
deCS	10.1101/2021.09.19.460993
DEEF	10.1371/journal.pone.0231250
DeepCCI	10.1093/bioinformatics/btad596
DeepCCI	10.1101/2022.11.11.516061
DeepCycle	10.1038/s41467-022-30545-8
DeepCycle	10.1101/2021.03.17.435887
DeepDRIM	10.1093/bib/bbab325
DeepDRIM	10.1101/2021.02.03.429484
DeepGAMI	10.1101/2022.08.16.504101
DeepGAMI	10.1186/s13073-023-01248-6
DeepImpute	10.1101/353607
DeepImpute	10.1186/s13059-019-1837-6
DeepKINET	10.1101/2023.11.25.568659
DeepKINET	10.1186/s13059-024-03367-8
DeepRIG	10.1371/journal.pgen.1010942
DeepSEM	10.1038/s43588-021-00099-8
DeepSort	10.1101/2020.05.13.094953
DeepVelo	10.1101/2022.04.03.486877
DeepVelo	10.1186/s13059-023-03148-9
DEGAS	10.1101/2020.06.16.142984
DEGAS	10.1186/s13073-022-01012-2
DElegate	10.1101/2023.03.28.534443
DeLorean	10.1093/bioinformatics/btw372
DeLorean	10.1101/019588
DELVE	10.1038/s41467-024-46773-z
DELVE	10.1101/2023.05.09.540043
deMULTIplex2	10.1101/2023.04.11.536275
deMULTIplex2	10.1186/s13059-024-03177-y
Demuxafy	10.1101/2022.03.07.483367
Demuxafy	10.1186/s13059-024-03224-8
Demuxalot	10.1101/2021.05.22.443646
demuxlet	10.1038/nbt.4042
demuxlet	10.1101/118778
demuxmix	10.1093/bioinformatics/btad481
demuxmix	10.1101/2023.01.27.525961
DEN	arxiv/2006.06640
DENDRO	10.1101/457622
DENDRO	10.1186/s13059-019-1922-x
DendroSplit	10.1101/191254
DendroSplit	10.1186/s12859-018-2092-7
densityCut	10.1093/bioinformatics/btw227
DensityPath	10.1093/bioinformatics/bty1009
DensityPath	10.1101/276311
densVis	10.1038/s41587-020-00801-7
densVis	10.1101/2020.05.12.077776
DepecheR	10.1101/396135
DepecheR	10.1371/journal.pone.0203247
DESC	10.1038/s41467-020-15851-3
DESC	10.1101/530378
DESCEND	10.1073/pnas.1721085115
DESCEND	10.1101/227033
DEsingle	10.1093/bioinformatics/bty332
DEsingle	10.1101/173997
destiny	10.1093/bioinformatics/btv715
destiny	10.1101/023309
DevKidCC	10.1101/2021.01.20.427346
DevKidCC	10.1186/s13073-022-01023-z
DEWAKSS	10.1101/2020.02.28.970202
DEWAKSS	10.1371/journal.pcbi.1008569
Dhaka	10.1093/bioinformatics/btz095
Dhaka	10.1101/183863
DIALOGUE	10.1038/s41587-022-01288-0
DIALOGUE	10.1101/2020.08.11.245472
DICE	10.1016/j.isci.2022.105709
Dictys	10.1038/s41592-023-01971-3
Dictys	10.1101/2022.09.14.508036
DIEM	10.1038/s41598-020-67513-5
DIEM	10.1101/786285
DifferentialRegulation	10.1093/biostatistics/kxae017
DifferentialRegulation	10.1101/2023.08.17.553679
DigitalCellSorter	10.1101/2020.07.17.208710
DigitalCellSorter	10.1101/539833
DigitalCellSorter	10.1186/s12859-019-2951-x
DigitalCellSorter	10.7717/peerj.10670
DIISCO	10.1007/978-1-0716-3989-4_38
DIISCO	10.1101/2023.11.14.566956
DIMMSC	10.1093/bioinformatics/btx490
DIMMSC	arxiv/1704.02007
dincta	10.1101/2020.09.28.316901
Dino	10.1093/bioinformatics/btab450
Dino	10.1101/2020.10.28.359901
DIRECT-NET	10.1126/sciadv.abl7393
DISC	10.1186/s13059-020-02083-3
DISCERN	10.1101/2022.03.09.483600
DISCERN	10.1186/s13059-023-03049-x
DiSiR	10.1101/2022.03.25.485741
distinct	10.1101/2020.11.24.394213
distinct	10.1214/22-aoas1689
DistMap	10.1101/117382
DistMap	10.1126/science.aan3235
dittoSeq	10.1093/bioinformatics/btaa1011
dmatch	10.1101/2020.01.05.895136
dmatch	10.1101/gr.261115.120
Domino	10.1038/s41551-021-00770-5
Domino	10.1101/2020.07.24.218537
dominoSignal	10.1038/s41551-021-00770-5
DoubletCollection	arxiv/2101.08860
DoubletDecon	10.1016/j.celrep.2019.09.082
DoubletDecon	10.1016/j.xpro.2020.100085
DoubletDecon	10.1101/2020.04.23.058156
DoubletDecon	10.1101/364810
DoubletFinder	10.1016/j.cels.2019.03.003
DoubletFinder	10.1101/352484
Dowser	10.1101/2020.05.30.124446
Dowser	10.1371/journal.pcbi.1009885
Dozer	10.1101/2023.04.25.538290
Dozer	10.1101/gr.277363.122
dpi	10.1093/bib/bbad005
dpi	10.1101/2022.04.04.486878
DPre	10.1093/bioinformatics/btz789
DPT	10.1038/nmeth.3971
DPT	10.1101/041384
DRA	10.1186/s12859-020-3401-5
dragonsc	10.1016/j.immuni.2019.11.014
DREAM	10.1093/bib/bbad152
dreamlet	10.1101/2023.03.17.533005
DREEP	10.1101/2023.06.01.543212
DREEP	10.1186/s12916-023-03182-1
DrImpute	10.1101/181479
DrImpute	10.1186/s12859-018-2226-y
DrivAER	10.1093/gigascience/giaa122
DrivAER	10.1101/864165
dropbead	10.1101/099473
dropbead	10.1186/s12915-017-0383-5
dropClust	10.1093/bioinformatics/btz823
dropClust	10.1093/nar/gky007
dropClust	10.1101/170308
dropClust	10.1101/596924
dropEst	10.1101/171496
dropEst	10.1186/s13059-018-1449-6
dropkick	10.1101/2020.10.08.332288
dropkick	10.1101/gr.271908.120
DropLasso	arxiv/1802.09381
DropletQC	10.1101/2021.08.02.454717
DropletQC	10.1186/s13059-021-02547-0
DropletUtils	10.1038/s41467-018-05083-x
DropletUtils	10.1101/177048
DropletUtils	10.1101/234872
DropletUtils	10.1186/s13059-019-1662-y
DrSeq2	10.1101/143271
DrSeq2	10.1371/journal.pone.0180583
DSAVE-M	10.1371/journal.pone.0243360
DSAVE-R	10.1371/journal.pone.0243360
dsb	10.1038/s41467-022-29356-8
dsb	10.1101/2020.02.24.963603
dsCellNet	10.1016/j.csbj.2022.07.047
DSINMF	10.1101/2022.05.16.492212
DSINMF	10.1109/tcbb.2024.3387911
DTAE	arxiv/2102.05892
DTFLOW	10.1016/j.gpb.2020.08.003
DTFLOW	10.1101/2020.09.10.290973
DTWScore	10.1186/s12859-017-1647-3
DUBStepR	10.1038/s41467-021-26085-2
DUBStepR	10.1101/2020.10.07.330563
Dune	10.1101/2020.03.03.974220
Dune	10.1186/s12859-024-05814-6
DURIAN	10.1093/bib/bbac223
DUSC	10.1101/511626
DUSC	10.1261/rna.074427.119
Dynamo	10.1016/j.cell.2021.12.045
Dynamo	10.1101/696724
dynDeepDRIM	10.1093/bib/bbac424
dynDeepDRIM	10.1101/2021.08.28.458048
dyngen	10.1038/s41467-021-24152-2
dyngen	10.1101/2020.02.06.936971
DynGFN	arxiv/2302.04178
dynverse	10.1038/s41587-019-0071-9
dynverse	10.1101/276907
EasyCellType	10.1093/bioadv/vbad029
ECLAIR	10.1093/nar/gkw452
ECLAIR	10.1101/036533
EDClust	10.1093/bioinformatics/btac168
EDGE	10.1038/s41467-020-19465-7
EEISP	10.1093/nar/gkab601
EEISP	10.1101/2021.03.15.435370
elasticC3	arxiv/2003.12970
ELATUS	10.1038/s41467-024-54005-7
ELATUS	10.1101/2024.01.26.577344
ELeFHAnt	10.1101/2021.09.07.459342
ELSA	10.1093/bioinformatics/btaa137
ELVAR	10.1038/s41467-023-39017-z
ELVAR	10.1101/2023.04.28.538653
ELVAR	10.21203/rs.3.rs-2199519/v1
embeddr	10.1101/027219
EMBEDR	10.1016/j.patter.2022.100443
EMBEDR	10.1101/2020.11.18.389031
EMEP	10.1093/bioinformatics/bty1056
EmptyNN	10.1016/j.patter.2021.100311
EmptyNN	10.1101/2021.01.15.426387
enclone	10.1101/2022.04.21.489084
ENCORE	10.1093/nar/gkaa1157
ENHANCE	10.1101/655365
EnImpute	10.1093/bioinformatics/btz435
EnsembleKQC	10.1007/978-3-030-26969-2_47
EnTSSR	10.1109/TCBB.2021.3110850
Eoulsan	10.1101/2021.10.13.464219
Epi-Impute	10.3390/ijms24076229
EPIC	10.1101/2021.06.09.447805
EPIC	10.1371/journal.pgen.1010251
eQTLsingle	10.1016/j.gene.2022.146520
eQTLsingle	10.1101/2021.06.10.447906
ESAT	10.1101/gr.207902.116
ESCHR	10.1101/2023.12.18.571953
ESCHR	10.1186/s13059-024-03386-5
ESCO	10.1093/bioinformatics/btab116
ESCO	10.1101/2020.10.20.347211
ESCORT	10.1093/bib/bbae216
ESCORT	10.1101/2023.12.18.572214
eSPRESSO	10.1101/2020.12.31.424948
eSPRESSO	10.1186/s12859-023-05355-4
eSVD	10.1080/01621459.2021.1886106
eSVD	10.1101/2020.09.25.313882
eSVD2	10.1101/2023.11.22.568369
eSVD2	10.1186/s12859-024-05724-7
EVI	10.1101/2022.03.01.482381
EVI	10.1186/s13059-022-02749-0
exceiver	arxiv/2210.14330
exdyn	10.1101/2024.04.01.587302
exFINDER	10.1093/nar/gkad262
exFINDER	10.1101/2023.03.24.533888
expressyouRcell	10.1016/j.isci.2023.106853
expressyouRcell	10.1101/2022.08.04.502810
Falco	10.1093/bioinformatics/btw732
Falco	10.1101/064006
Falco	10.1186/s12864-019-6341-6
fastglmpca	10.1093/bioinformatics/btae494
fastglmpca	10.1101/2024.03.23.586420
fasthplus	10.1093/biostatistics/kxac035
fasthplus	10.1101/2022.02.03.479015
FastIntegration	10.1101/2022.05.10.491296
FastProject	10.1186/s12859-016-1176-5
FastRNA	10.1016/j.ajhg.2022.09.008
fastTopics	10.1101/2023.03.03.531029
fastTopics	10.1186/s13059-023-03067-9
FateCompass	10.1016/j.crmeth.2023.100512
FateCompass	10.1101/2022.04.01.486696
FateID	10.1038/nmeth.4662
FateID	10.1101/218115
FAVA	10.1093/bioinformatics/btae010
FAVA	10.1101/2022.07.06.499022
fba	10.1093/bioinformatics/btab375
fcoex	10.1101/2021.12.07.471603
FEAST	10.1093/bib/bbab034
FEATS	10.1093/bib/bbaa306
FEATS	10.1101/2020.07.13.200485
FeatureCorr	10.1016/j.simpa.2021.100144
FEM	10.7717/peerj.12570
FIESTA	10.1101/2021.04.29.441691
FiRE	10.1038/s41467-018-07234-6
FIRM	10.1093/bib/bbac167
FIRM	10.1101/2020.06.02.129031
fishpond	10.1093/nar/gkz622
fishpond	10.1101/561084
FitDevo	10.1093/bib/bbac293
FLAMES	10.1101/2020.08.10.243543
FLAMES	10.1186/s13059-021-02525-6
Flexiplex	10.1093/bioinformatics/btae102
Flexiplex	10.1101/2023.08.21.554084
FlowGrid	10.1093/bioinformatics/btab521
FLOWMAPR	10.1038/s41596-019-0246-3
forest-fire-clustering	10.1038/s41467-022-31107-8
FORKS	10.1101/132811
forseti	10.1093/bioinformatics/btae207
forseti	10.1101/2024.02.01.577813
Fotomics	10.1007/s10462-022-10357-4
Fotomics	10.1101/2022.07.08.499309
FRmatch	10.1093/bib/bbaa339
FRmatch	10.1101/2020.05.01.073445
FSCAM	10.1007/s12539-021-00495-8
Fugue	10.1101/2021.12.12.472307
Fugue	10.2139/ssrn.4013916
FUNKI	arxiv/2109.05796
fusca	10.1038/s41556-022-00884-1
G2S3	10.1101/2020.04.01.020586
G2S3	10.1371/journal.pcbi.1009029
GapClust	10.1038/s41467-021-24489-8
Garnett	10.1038/s41592-019-0535-3
Garnett	10.1101/538652
gCAnno	10.1186/s12864-020-07223-4
gCAnno	10.21203/rs.3.rs-36926/v1
GEARS	10.1038/s41587-023-01905-6
GEARS	10.1101/2022.07.12.499735
GEDI	10.1038/s41467-024-50963-0
GEDI	10.1101/2023.08.15.553327
GEMLI	10.1038/s41467-024-47158-y
geneBasisR	10.1101/2021.08.10.455720
geneBasisR	10.1186/s13059-021-02548-z
GeneClust	10.1093/bib/bbad042
GeneExt	10.1101/2023.12.05.570120
GeneNMF	10.1101/2024.05.31.596823
GenePattern	10.12688/f1000research.15830.1
Genes2Genes	10.1038/s41592-024-02378-4
Genes2Genes	10.1101/2023.03.08.531713
genesorteR	10.1101/676379
GeneSwitches	10.1101/832626
genet	10.1016/j.mbs.2024.109284
genet	10.1101/2024.04.04.588131
GeneVector	10.1038/s41467-023-39985-2
GeneVector	10.1101/2022.04.22.487554
GenKI	10.1093/nar/gkad450
geosketch	10.1016/j.cels.2019.05.003
geosketch	10.1101/536730
gExcite	10.1093/bioinformatics/btad329
gExcite	10.1101/2022.05.23.490488
gficf	10.1093/nargab/lqad024
gficf	10.1101/2022.10.24.513476
gficf	10.3389/fgene.2019.00734
GFPA	10.1016/j.compbiomed.2023.106733
gget	10.1093/bioinformatics/btac836
gget	10.1101/2022.05.17.492392
GIANT	10.1101/2022.08.06.503038
GIANT	10.1101/gr.279631.124
GiniClust	10.1186/s13059-016-1010-4
GiniClust2	10.1101/246439
GiniClust2	10.1186/s13059-018-1431-3
GiniClust3	10.1101/788554
GiniClust3	10.1186/s12859-020-3482-1
GiRAFR	10.1038/s42003-023-05351-7
GiRAFR	10.1101/2022.10.24.513352
GLM-PCA	10.1101/574574
GLM-PCA	10.1186/s13059-019-1861-6
glmGamPoi	10.1093/bioinformatics/btaa1009
glmGamPoi	10.1101/2020.08.13.249623
GLMsim	10.1101/2024.03.20.586030
GloScope	10.1101/2023.05.29.542786
GloScope	10.1186/s13059-024-03398-1
GLUE	10.1038/s41587-022-01284-4
GLUE	10.1101/2021.08.22.457275
GLUER	10.1101/2021.01.25.427845
GMM-Demux	10.1101/828483
GMM-Demux	10.1186/s13059-020-02084-2
GNNImpute	10.1186/s12859-021-04493-x
GPcounts	10.1093/bioinformatics/btab486
GPcounts	10.1101/2020.07.29.227207
GPfates	10.1101/074971
GPfates	10.1126/sciimmunol.aal2192
GPseudoClust	10.1093/bioinformatics/btz778
GPseudoClust	10.1101/567115
GPseudoRank	10.1093/bioinformatics/bty664
GPseudoRank	10.1101/211417
Granatum	10.1101/110759
Granatum	10.1186/s13073-017-0492-3
GrandPrix	10.1093/bioinformatics/bty533
GrandPrix	10.1101/227843
Graph-Dynamo	10.1101/2023.09.24.559170
graph-sc	10.1093/bioinformatics/btab787
GraphCS	10.1093/bib/bbab570
GraphCS	10.1101/2021.06.24.449752
GraphEmbed	10.1038/s41467-018-05988-7
GraphSCC	10.1101/2020.09.02.278804
GraphSCC	10.1109/bibm49941.2020.9313569
GraphSCI	10.1016/j.isci.2021.102393
GraphSCI	10.1101/2020.02.05.935296
GrID-Net	10.1101/2023.03.02.530529
GRISLI	10.1093/bioinformatics/btaa576
GRISLI	10.1101/464479
GRM	10.1093/bioinformatics/btv122
GRN-VAE	10.1101/2023.01.26.525733
GRNUlar	10.1089/cmb.2021.0437
GRNUlar	10.1101/2020.04.23.058149
GRNVBEM	10.1093/bioinformatics/btx605
GRouNdGAN	10.1038/s41467-024-48516-6
GRouNdGAN	10.1101/2023.07.25.550225
GRUFFI	10.15252/embj.2022111118
gsdensity	10.1038/s41467-023-44206-x
gsdensity	10.1101/2023.06.21.546022
GSEApy	10.1093/bioinformatics/btac757
GSFA	10.1038/s41592-023-02017-4
GSFA	10.1101/2022.02.13.480282
gssnng	10.1093/bioadv/vbad150
gssnng	10.1101/2022.11.29.518384
GTestimate	10.1101/2024.07.02.601501
h-tSNE	10.1101/2020.10.05.324798
h-tSNE	10.1371/journal.pcbi.1010351
hadge	10.1101/2023.07.23.550061
hadge	10.1186/s13059-024-03249-z
Haisu	10.1101/2020.10.05.324798
HAL	10.1101/2021.08.01.454697
HAL	10.1371/journal.pcbi.1010349
HARISSA	10.1101/2022.06.19.496754
Harmony	10.1038/s41592-019-0619-0
Harmony	10.1101/461954
hbfm	10.1186/s12859-020-03707-y
HD-AE	10.1101/2021.04.13.439707
HDMC	10.1093/bioinformatics/btab821
HGC	10.1093/bioinformatics/btab420
HGC	10.1101/2021.02.07.430106
HiDeF	10.1101/2020.06.16.151555
HiDeF	10.1186/s13059-020-02228-4
hierarchicell	10.1186/s12864-021-07635-w
HieRFIT	10.1093/bioinformatics/btab499
HieRFIT	10.1101/2020.09.16.300822
HIPPO	10.1101/2020.03.31.018911
HiScanner	10.1101/2024.04.26.587806
HoneyBADGER	10.1101/gr.228080.117
HopLand	10.1093/bioinformatics/btx232
Hotspot	10.1016/j.cels.2021.04.005
Hotspot	10.1101/2020.02.06.937805
HPL	10.1038/s41467-021-23196-8
HPL	10.1101/2020.03.27.010124
hscScore	10.1016/j.exphem.2019.08.009
hsslda	10.1016/j.patter.2022.100536
hsslda	10.1101/2022.01.06.475279
HTOreader	10.1093/bib/bbae254
HTOreader	10.1101/2023.04.02.535299
HurdleNormal	10.1214/18-AOAS1213
HurdleNormal	arxiv/1610.05857
hypercluster	10.1101/2020.01.13.905323
hypercluster	10.1186/s12859-020-03774-1
I-Impute	10.1101/772723
I-Impute	10.1186/s12864-020-07007-w
i2dash	10.1016/j.gpb.2021.01.007
i2dash	10.1101/2020.07.06.189563
iasva	10.1038/s41598-018-35365-9
iasva	10.1101/151217
Ibex	10.1101/2022.11.09.515787
IBMR	arxiv/2111.12149
IBRAP	10.1093/bib/bbad061
IBRAP	10.1101/2022.09.26.509481
iBRIDGE	10.1158/2326-6066.CIR-22-0283
ICAnet	10.1093/nar/gkab089
ICARUS	10.1093/nar/gkac322
ICARUS	10.1093/nargab/lqad032
ICARUS	10.1101/2023.01.23.525100
ICAT	10.1093/bioinformatics/btad278
ICAT	10.1101/2022.05.26.493603
ICELLNET	10.1038/s41467-021-21244-x
ICELLNET	10.1093/bioinformatics/btae089
ICELLNET	10.1101/2020.03.05.976878
iCellR	10.1101/2020.03.31.019109
iCellR	10.1101/2020.05.05.078550
iDEA	10.1038/s41467-020-15298-6
IDEAS	10.1101/2021.05.10.443350
IDEAS	10.1186/s13059-022-02605-1
IEntropy	10.1093/jmcb/mjac008
IgPhyML	10.1073/pnas.1906020116
IgPhyML	10.1101/558825
IKAP	10.1093/gigascience/giz121
IKAP	10.1101/596817
ikarus	10.1101/2021.10.15.463909
ikarus	10.1186/s13059-022-02683-1
Ikura	10.1038/s41590-019-0465-3
ILoReg	10.1093/bioinformatics/btaa919
ILoReg	10.1101/2020.01.20.912675
iMAP	10.1186/s13059-021-02280-8
ImmClassifier	10.1093/bib/bbab039
ImmClassifier	10.1101/2020.03.23.002758
IndepthPathway	10.1093/bioinformatics/btad325
IndepthPathway	10.1101/2022.08.28.505179
indeXplorer	10.1038/ncb3494
inferCNV	10.1126/science.1254257
Inferelator	10.1093/bioinformatics/btac117
Inferelator	10.1101/2021.05.03.442499
infohet	10.1101/2020.10.01.322255
infohet	10.1186/s12859-023-05424-8
InGene	10.1101/2023.06.19.545592
INSCT	10.1038/s42256-021-00361-8
INSCT	10.1101/2020.05.16.100024
INSISTC	10.1016/j.ygeno.2022.110480
INSISTC	10.1101/2022.05.17.492304
IntegrAO	arxiv/2401.07937
IntegratedLearner	10.1002/sim.9953
IntegratedLearner	10.1101/2022.11.06.514786
InterCellar	10.1038/s42003-021-02986-2
InterCellar	10.21203/rs.3.rs-525466/v1
InterCellDB	10.1002/advs.202200045
iQcell	10.1101/2021.04.01.438014
iQcell	10.1371/journal.pcbi.1009907
IReNA	10.1101/2021.11.22.469628
IReNA	10.2139/ssrn.4071022
IRIS-FGM	10.1093/bioinformatics/btab108
IRIS-FGM	10.1101/2020.11.04.369108
IronThrone-GoT	10.1038/s41586-019-1367-0
IronThrone-GoT	10.1101/444687
iS-CellR	10.1093/bioinformatics/bty517
iSEE	10.12688/f1000research.14966.1
iSMNN	10.1093/bib/bbab122
iSMNN	10.1101/2020.11.09.375659
ISnorm	10.1093/nargab/lqaa059
ISnorm	10.1101/2020.07.10.198077
IsoCell	10.1109/TCBB.2022.3147193
ISOP	10.1093/bioinformatics/bty100
ISOP	10.1101/036988
iSORT	10.1101/2024.02.28.582493
iTALK	10.1101/507871
ItClust	10.1038/s42256-020-00233-7
ItClust	10.1101/2020.02.02.931139
iterClust	10.1093/bioinformatics/bty176
ivis	10.1038/s41598-019-45301-0
jackstraw	10.1093/bioinformatics/btaa087
jackstraw	10.1093/bioinformatics/btu674
jackstraw	10.1101/248633
JAMIE	10.1038/s42256-023-00663-z
JAMIE	10.1101/2022.10.15.512388
JGNsc	10.1101/2021.07.14.452387
JGNsc	10.1111/biom.13645
JIND	10.1093/bioinformatics/btac140
JIND	10.1101/2020.10.06.327601
JOINT	10.1186/s12864-020-07302-6
JOINTLY	10.1038/s41467-023-44279-8
JOINTLY	10.21203/rs.3.rs-3149275/v1
JSNMF_py	10.1093/bib/bbac105
JSOM	10.1371/journal.pcbi.1008804
jSRC	10.1093/bib/bbaa433
Jvis	10.1101/2021.01.10.426098
Jvis	10.1186/s13059-021-02356-5
k-branches	10.1093/bioinformatics/btx325
k-branches	10.1101/094532
K2Taxonomer	10.1093/nar/gkab552
K2Taxonomer	10.1101/2020.11.05.370197
kallisto	10.1038/nbt.3519
kallisto	10.1038/s41587-021-00870-2
kallisto	10.1038/s41592-018-0303-9
kallisto	10.1101/2022.12.02.518832
kallisto	10.1101/2023.11.21.568164
kallisto	10.1101/258566
kallisto	10.1101/673285
kallisto	arxiv/1505.02710
kana	10.1101/2022.03.02.482701
kana	10.21105/joss.05603
kBET	10.1038/s41592-018-0254-1
kBET	10.1101/200345
KMD	10.1038/s42003-023-05480-z
KMD	10.1101/2020.10.04.325233
kmermaid	10.1101/2021.07.09.450799
knn_smooth	10.1101/217737
KPNN	10.1101/794503
KPNN	10.1186/s13059-020-02100-5
ktest	arxiv/2307.08509
LAK	10.1109/ACCESS.2020.3008681
LAmbDA	10.1093/bioinformatics/btz295
LAmbDA	10.1101/522474
Lamian	10.1038/s41467-023-42841-y
Lamian	10.1101/2021.07.10.451910
langevitour	10.1101/2022.08.24.505207
langevitour	10.32614/RJ-2023-046
LANTSA	10.1101/2022.03.13.484116
LATE	10.1007/s40484-019-0192-7
LATE	10.1101/504977
LatentVelo	10.1016/j.crmeth.2023.100581
LatentVelo	10.1101/2022.08.22.504858
LDA_scRNAseq	10.1093/bib/bbad199
leader	10.1038/s41467-024-45198-y
leader	10.1101/2023.06.13.544850
LEAP	10.1093/bioinformatics/btw729
learn2count	arxiv/2011.12044
lemur	10.1038/s41588-024-01996-0
lemur	10.1101/2023.03.06.531268
LIANA	10.1038/s41467-022-30755-0
LIANA	10.1101/2021.05.21.445160
Libra	10.1038/s41467-021-25960-2
Libra	10.1101/2021.03.12.435024
LIGER	10.1016/j.cell.2019.05.006
LIGER	10.1038/s41467-022-28431-4
LIGER	10.1038/s41596-020-0391-8
LIGER	10.1101/2020.04.07.029546
LIGER	10.1101/2021.04.09.439160
LIGER	10.1101/459891
LINEAGE	10.1073/pnas.2119767119
LinQView	10.1016/j.crmeth.2021.100056
LinRace	10.1038/s41467-023-44173-3
LinRace	10.1101/2023.04.12.536601
locaTE	10.1101/2023.01.08.523176
locCSN	10.1073/pnas.2113178118
locCSN	10.1101/2021.02.13.431104
Longcell	10.21203/rs.3.rs-2674892/v1
LRLoop	10.1093/bioinformatics/btac447
LRLoop	10.1101/2022.02.04.479174
LRT	10.1101/2022.04.14.488320
LRT	10.1371/journal.pcbi.1011300
LTMGSCA	10.1093/nar/gkz655
LTMGSCA	10.1101/430009
M3Drop	10.1093/bioinformatics/bty1044
M3Drop	10.1101/065094
M3S	10.1186/s12859-019-3243-1
MAAPER	10.1101/2021.03.21.436343
MAAPER	10.1186/s13059-021-02429-5
MACA	10.1093/bioinformatics/btab840
MACA	10.1101/2021.10.25.465734
MaCroDNA	10.1038/s41467-023-44014-3
MaCroDNA	10.1101/2022.08.21.504709
MacroPolo	10.1093/nar/gkac216
MacroPolo	10.1101/2020.11.23.393900
MAESTRO	10.1186/s13059-020-02116-x
MAGAN	arxiv/1803.00385
MAGIC	10.1016/j.cell.2018.05.061
MAGIC	10.1101/111591
MAPiT	10.1038/s41598-020-60400-z
MAPiT	10.1101/697151
MARGARET	10.1093/nar/gkac412
MARGARET	10.1101/2021.10.22.465455
MarkerCount	10.1016/j.csbj.2022.06.010
MarkerCount	10.21203/rs.3.rs-418249/v1
MarkerMap	10.1038/s41540-024-00339-3
MarkerMap	arxiv/2207.14106
MarkovHC	10.1093/nar/gkab1132
MarkovHC	10.1101/2020.11.04.368043
MARS	10.1038/s41592-020-00979-3
MARS	10.1101/2020.02.25.960302
Marsilea	10.1101/2024.02.14.580236
Marsilea	10.1186/s13059-024-03469-3
MASI	10.1038/s42003-023-04820-3
MASI	10.1101/2022.03.28.486110
MAST	10.1101/020842
MAST	10.1186/s13059-015-0844-5
mastR	10.1093/bioinformatics/btaf114
mastR	10.1101/2024.04.24.590691
MAT2	10.1093/bioinformatics/btab250
MatchCLOT	10.1093/bib/bbad130
MatchCLOT	10.1101/2022.11.16.516751
MATCHER	10.1101/130336
MATCHER	10.1186/s13059-017-1269-0
matchSCore	10.1101/314831
matchSCore2	10.1038/s41587-020-0469-4
matchSCore2	10.1101/630087
MATES	10.1038/s41467-024-53114-7
MATES	10.1101/2024.01.09.574909
Matilda	10.1093/nar/gkad157
Matilda	10.1101/2022.06.01.494441
MATTE	10.1093/bib/bbad207
MATTE	10.1101/2022.05.29.493935
MaxFuse	10.1038/s41587-023-01935-0
MaxFuse	10.1101/2023.01.12.523851
mbkmeans	10.1101/2020.05.27.119438
mbkmeans	10.1371/journal.pcbi.1008625
mcap	arxiv/1902.08472
McImpute	10.1101/361980
McImpute	10.3389/fgene.2019.00009
MDIC3	10.1016/j.patter.2023.100911
MEBOCOST	10.1101/2022.05.30.494067
MEBOCOST	10.21203/rs.3.rs-2092898/v1
MEDALT	10.1101/2020.04.12.038281
MEDALT	10.1186/s13059-021-02291-5
MELD	10.1038/s41587-020-00803-5
MELD	10.1101/532846
MELT	10.1093/bib/bbac345
memento	10.1016/j.cell.2024.09.044
memento	10.1101/2022.11.09.515836
MERLoT	10.1093/nar/gkz706
MERLoT	10.1101/261768
MetaCell	10.1101/437665
MetaCell	10.1186/s13059-019-1812-2
MetacellAnalysisToolkit	10.1038/s44320-024-00045-6
MetacellAnalysisToolkit	10.1101/2024.02.04.578815
metacells	10.1101/2021.08.08.453314
metacells	10.1101/2022.12.01.518678
metacells	10.1101/437665
metacells	10.1186/s13059-019-1812-2
metacells	10.1186/s13059-022-02667-1
metacells	10.1186/s13059-023-03069-7
METAFlux	10.1038/s41467-023-40457-w
METAFlux	10.1101/2022.05.18.492580
MetaNeighbor	10.1038/s41467-018-03282-0
MetaNeighbor	10.1038/s41596-021-00575-5
MetaNeighbor	10.1101/150524
MetaTiME	10.1038/s41467-023-38333-8
MetaTiME	10.1101/2022.08.05.502989
MFA	10.12688/wellcomeopenres.11087.1
MGFR	10.7717/peerj.6970
MGPfactR	10.1101/2024.04.02.587768
MGPfactR	10.7554/elife.97424
MicroCellClust	10.1093/bioinformatics/btab239
MICTI	10.1101/686659
midaa	10.1101/2024.04.05.588238
MIDAS	10.1038/s41587-023-02040-y
MIDAS	10.1101/2022.12.13.520262
Millefy	10.1101/537936
Millefy	10.1186/s12864-020-6542-z
miloR	10.1038/s41587-021-01033-z
miloR	10.1101/2020.11.23.393769
miloR	10.1101/2023.11.08.566176
MIMOSCA	10.1016/j.cell.2016.11.038
MIND	10.1101/2020.08.05.238949
MIND	10.1101/gr.268722.120
MINI-EX	10.1016/j.molp.2022.10.016
MINI-EX	10.1101/2022.07.01.498402
MINI-EX	10.1101/2023.12.24.573246
minicore	10.1101/2021.03.24.436859
minnow	10.1093/bioinformatics/btz351
miQC	10.1101/2021.03.03.433798
miQC	10.1371/journal.pcbi.1009290
MIRA	10.1038/s41467-023-39494-2
MIRA	10.1038/s41592-022-01595-z
MIRA	10.1101/2021.12.06.471401
miRSCAPE	10.1016/j.isci.2022.104962
miRSCAPE	10.1101/2021.07.29.454389
Miscell	10.1016/j.isci.2021.103200
mitch	10.1186/s12864-020-06856-9
MitoHEAR	10.21105/joss.04265
mitoSplitter	10.1073/pnas.2307722120
mitoSplitter	10.1101/2023.04.16.537058
MitoTrace	10.3390/genes14061222
MiXCR	10.1038/nbt.3979
MiXCR	10.1038/nmeth.3364
MLG	10.1093/nar/gkab823
MLG	10.1101/2021.03.26.437231
MMCCI	10.1101/2024.02.28.582639
MMIDAS	10.1038/s43588-024-00683-8
MMIDAS	10.1101/2023.10.02.560574
mmutil	10.1101/2021.01.21.21249765
mmutil	10.1186/s13059-021-02438-4
Moana	10.1101/456129
MOFA	10.1101/217554
MOFA	10.1101/837104
MOFA	10.1186/s13059-020-02015-1
MOFA	10.15252/msb.20178124
MOFA2	10.1101/837104
MOFA2	10.1186/s13059-020-02015-1
Monet	10.1101/2020.06.08.140673
Monocle	10.1038/nbt.2859
Monocle	10.1038/nmeth.4150
Monocle	10.1038/nmeth.4402
Monocle	10.1101/110668
Monod	10.1038/s43588-024-00689-2
Monod	10.1101/2022.06.11.495771
Monod	10.1101/2023.09.17.558131
Monopogen	10.1038/s41587-023-01873-x
Monopogen	10.1101/2022.12.04.519058
mosaicMPI	10.1093/nar/gkae442
mosaicMPI	10.1101/2023.08.18.553919
MOSCATO	10.1101/2021.09.02.458781
MOSCATO	10.1186/s12864-022-08759-3
moscot	10.1038/s41586-024-08453-2
moscot	10.1101/2023.05.11.540374
MOSim	10.1093/bib/bbaf110
MOSim	10.1101/421834
Mowgli	10.1038/s41467-023-43019-2
Mowgli	10.1101/2023.02.02.526825
Mpath	10.1038/ncomms11988
mpCMF	10.1101/496810
MPSSC	10.1093/bioinformatics/bty050
MQuad	10.1038/s41467-022-28845-0
MQuad	10.1101/2021.03.27.437331
MRFscRNAseq	10.1101/2020.11.11.378976
MRFscRNAseq	10.1186/s12859-021-04412-0
mrtree	10.1093/nar/gkab481
mrtree	10.1101/2021.02.06.430067
MSIsensor-RNA	10.1093/gpbjnl/qzae004
MSIsensor-RNA	10.1101/2023.10.09.561613
mtANN	10.1101/2022.11.17.516980
mtANN	10.1371/journal.pcbi.1011261
MTD	10.1093/bib/bbac111
MTD	10.1101/2021.11.16.468881
MTGO-SC	10.3389/fgene.2019.00953
mtSC	10.1093/nar/gkab380
MuDCoD	10.1093/bioinformatics/btad592
MuDCoD	10.1101/2021.11.30.470619
MUFFIN	10.1093/nargab/lqae051
MUFFIN	10.1101/2023.12.11.570597
multiGroupVI	10.1101/2022.12.13.520349
MultiK	10.1186/s13059-021-02445-5
MultiMAP	10.1101/2021.02.16.431421
MultiMAP	10.1186/s13059-021-02565-y
multinichenetr	10.1101/2023.06.13.544751
Multiscale_PHATE	10.1038/s41587-021-01186-x
Multiscale_PHATE	10.21203/rs.3.rs-311045/v1
MultiVelo	10.1007/978-3-031-04749-7_18
MultiVelo	10.1038/s41587-022-01476-y
MultiVelo	10.1101/2021.12.13.472472
MUREN	10.1186/s12859-021-04288-0
MURP	10.1016/j.jbi.2022.104093
muscat	10.1038/s41467-020-19894-4
muscat	10.1101/713412
MuSiC	10.1038/s41467-018-08023-x
MuSiC	10.1101/354944
MUSIC	10.1038/s41467-019-10216-x
MuTrans	10.1038/s41467-021-25548-w
MuTrans	10.1101/2021.03.07.434281
mvTCR	10.1038/s41467-024-49806-9
mvTCR	10.1101/2021.06.24.449733
N-ACT	10.1101/2022.05.12.491682
NanoPARE	10.1101/gr.239202.118
NATMI	10.1038/s41467-020-18873-z
NBID	10.1186/s13059-018-1438-9
Nclusion	10.1101/2024.02.11.579839
NEBULA	10.1038/s42003-021-02146-6
NEBULA	10.1101/2020.09.24.311662
Nebulosa	10.1093/bioinformatics/btab003
Nebulosa	10.1101/2020.09.29.315879
Neighbor-seq	10.1093/nar/gkac333
Neighbor-seq	10.1101/2022.04.15.488517
NetImpute	10.1186/s12859-020-03547-w
netNMF-sc	10.1101/544346
netNMF-sc	10.1101/gr.251603.119
netSmooth	10.1101/234021
netSmooth	10.12688/f1000research.13511.2
netsne	10.1016/j.cels.2018.05.017
netsne	10.1101/289223
NetworkInference	10.1016/j.cels.2017.08.014
NetworkInference	10.1101/082099
NeuCA	10.1038/s41598-021-04473-4
NeuCA	10.1101/2021.09.25.461825
NEUROeSTIMator	10.1038/s41467-023-44503-5
NEUROeSTIMator	10.1101/2022.04.08.487573
NeuronChat	10.1038/s41467-023-36800-w
NeuronChat	10.1101/2023.01.12.523826
NewWave	10.1093/bioinformatics/btac149
NewWave	10.1101/2021.08.02.453487
nicheformer	10.1101/2024.04.15.589472
nichenetr	10.1038/s41592-019-0667-5
nichenetr	arxiv/2404.16358
NICHES	10.1093/bioinformatics/btac775
NICHES	10.1101/2022.01.23.477401
NIFA	10.1093/bioinformatics/btac136
NIFA	10.1101/2020.01.31.927921
nimfa	10.1093/bioinformatics/btw607
NLBayes	10.1093/nargab/lqad106
NLBayes	10.1101/2023.05.03.539308
NOMAD	10.1101/2022.12.06.519414
NOMAD2	10.1038/s41587-024-02381-2
NOMAD2	10.1101/2023.03.17.533189
Normalisr	10.1038/s41467-021-26682-1
Normalisr	10.1101/2021.04.12.439500
northstar	10.1038/s41598-020-71805-1
northstar	10.1101/820928
novoSpaRc	10.1038/s41586-019-1773-3
novoSpaRc	10.1038/s41596-021-00573-7
NSForest	10.1101/2020.09.23.308932
NSForest	10.1101/gr.275569.121
OCAT	10.1101/2021.05.12.443814
OCAT	10.1186/s13059-022-02659-1
Ocelli	10.1093/nargab/lqaf040
Ocelli	10.1101/2023.10.05.561074
ODEGRfinder	10.1093/nargab/lqz020
ODEGRfinder	10.1101/543447
OEFinder	10.1093/bioinformatics/btw004
OEFinder	10.1101/025437
OGFSC	10.1093/bioinformatics/bty1016
OmicInt	10.1016/j.ailsci.2021.100025
OmicVerse	10.1101/2023.06.06.543913
OnClass	10.1038/s41467-021-25725-x
OnClass	10.1101/810234
OpenBioMed	arxiv/2306.04371
Originiator	10.1101/2024.04.04.588144
Originiator	10.1186/s13059-025-03495-9
ORIGINS	10.1016/j.mex.2022.101778
ORIGINS	10.1101/2022.05.09.491232
ORIGINS2	10.1016/j.mex.2023.102179
orthomap	10.1093/bioinformatics/btad657
OscoNet	10.1101/600049
OscoNet	10.1186/s12859-020-03561-y
Oscope	10.1038/nmeth.3549
Ouija	10.1093/bioinformatics/bty498
Ouija	10.1101/060442
ouijaflow	10.1093/bioinformatics/bty498
ouijaflow	10.1101/060442
Outrigger	10.1016/j.molcel.2017.06.003
PACSI	10.1186/s12915-023-01658-3
Palantir	10.1038/s41587-019-0068-4
Palantir	10.1101/385328
PALMO	10.1038/s41467-023-37432-w
PALMO	10.1101/2022.10.17.512585
Palo	10.1093/bioinformatics/btac368
Palo	10.1101/2022.03.13.484080
Pamona	10.1093/bioinformatics/btab594
Pamona	10.1101/2020.11.03.366146
Pando	10.1101/2021.08.24.457460
Panpipes	10.1101/2023.03.11.532085
Panpipes	10.1186/s13059-024-03322-7
ParaDPMM	10.1093/bioinformatics/bty702
ParaDPMM	10.1101/271163
PARC	10.1093/bioinformatics/btaa042
PARC	10.1101/765628
PAUSE	10.1101/2022.05.03.490535
PAUSE	10.1186/s13059-023-02901-4
PBA	10.1073/pnas.1714723115
PBA	10.1101/170118
PBLR	10.1093/jmcb/mjaa052
PBLR	10.1101/379883
PCAone	10.1101/2022.05.25.493261
PCAone	10.1101/gr.277525.122
pcaReduce	10.1101/026385
pcaReduce	10.1186/s12859-016-0984-y
pCMF	10.1093/bioinformatics/btz177
pCMF	10.1101/211938
pcqc	10.1101/2020.11.19.390542
pCreode	10.1016/j.cels.2017.10.012
peco	10.1101/526848
peco	10.1101/gr.247759.118
Pegasus	10.1038/s41592-020-0905-x
Pegasus	10.1101/823682
PENCIL	10.1038/s42256-023-00656-y
PENCIL	10.1101/2023.03.23.533712
PercentMaxDiff	10.1101/2021.11.15.468733
PHATE	10.1038/s41587-019-0336-3
PHATE	10.1101/120378
PhEMD	10.1038/s41592-019-0689-z
PhEMD	10.1101/455436
PhenoPath	10.1038/s41467-018-04696-6
PhenoPath	10.1101/159913
phenotype-cover	10.1016/j.crmeth.2022.100332
phiclust	10.1101/2021.05.11.443685
phiclust	10.1186/s13059-021-02590-x
PhitestR	10.1093/bioinformatics/btac130
PhylEx	10.1101/2021.02.16.431009
phyloRNA	10.1089/cmb.2022.0357
phyloRNA	10.1101/2021.01.07.425804
PhyloVelo	10.1038/s41587-023-01887-5
PIASO	10.1101/2024.07.20.604399
Piccolo	10.1101/2023.03.02.530891
Piccolo	10.1186/s12859-024-05872-w
PieParty	10.1101/2020.08.25.267021
PieParty	10.26508/lsa.202000986
PILOT	10.1038/s44320-023-00003-8
PILOT	10.1101/2022.12.16.520739
PIMseq	10.1101/718668
pipeComp	10.1101/2020.02.02.930578
pipeComp	10.1186/s13059-020-02136-7
PISCES	10.1101/2021.05.20.445002
PIVOT	10.1101/053348
PIVOT	10.1186/s12859-017-1994-0
pLDA	10.1007/s12561-021-09304-8
pmVAE	10.1101/2021.01.28.428664
Polaratio	10.1101/2020.12.20.423308
Pollock	10.1093/bioadv/vbac028
PopAlign	10.1073/pnas.2005990117
PopAlign	10.1101/421354
popsicleR	10.1016/j.jmb.2022.167560
PopV	10.1038/s41588-024-01993-3
PopV	10.1101/2023.08.18.553912
Portal	10.1038/s43588-022-00251-y
Portal	10.1101/2021.11.16.468892
powerEQTL	10.1093/bioinformatics/btab385
powerEQTL	10.1101/2020.12.15.422954
POWSC	10.1093/bioinformatics/btaa607
powsimR	10.1093/bioinformatics/btx435
powsimR	10.1101/117150
PPMS	10.1093/bib/bbac419
Pre-Phaser	10.1145/3307339.3342174
PreCanCell	10.1016/j.csbj.2023.07.009
PRESCIENT	10.1038/s41467-021-23518-w
PRESCIENT	10.1101/2020.08.26.269332
pRESTO	10.1093/bioinformatics/btu138
PreTSA	10.1101/2024.03.20.585926
ProjecTILs	10.1038/s41467-021-23324-4
ProjecTILs	10.1101/2020.06.23.166546
ProjectSVR	10.1101/2023.07.31.551202
PROSSTT	10.1093/bioinformatics/btz078
PROSSTT	10.1101/256941
protaccel	10.1101/658401
protaccel	10.1186/s13059-020-1945-3
Pseudocell_Tracer	10.1101/2020.06.26.173179
Pseudocell_Tracer	10.1371/journal.pcbi.1008094
pseudodynamics	10.1038/s41587-019-0088-0
pseudodynamics	10.1101/219188
pseudoga	10.1093/nar/gkab457
pseudogp	10.1101/047365
pseudogp	10.1371/journal.pcbi.1005212
PseudotimeDE	10.1101/2020.11.17.387779
PseudotimeDE	10.1186/s13059-021-02341-y
PsiNorm	10.1093/bioinformatics/btab641
PsiNorm	10.1101/2021.04.07.438822
Psix	10.1101/2021.07.23.453605
Psix	10.1101/gr.276109.121
psupertime	10.1093/bioinformatics/btac227
psupertime	10.1101/622001
pyHSICLasso	10.1093/bioinformatics/btz333
pyHSICLasso	10.1101/532192
PyMINEr	10.1016/j.celrep.2019.01.063
pyNVR	10.1093/bioinformatics/bty950
Pyro-Velocity	10.21203/rs.3.rs-2059147/v1
PySCUBA	10.1073/pnas.1408993111
QClus	10.1093/nar/gkae1145
QClus	10.1101/2022.10.21.513315
QDiffusion	10.1038/s42003-024-06104-w
quasildr	10.1038/s41592-021-01286-1
quasildr	10.1101/2020.04.12.022806
QUBIC2	10.1093/bioinformatics/btz692
QUBIC2	10.1101/409961
RaceID	10.1016/j.stem.2016.05.010
RaceID	10.1038/nature14966
RaceID	10.1038/s41592-019-0632-3
RaceID	10.1101/2022.08.04.502776
RaceID	10.1186/s13059-023-02974-1
RADO	10.1101/2023.10.30.564840
RAFSIL	10.1093/bioinformatics/bty260
RAFSIL	10.1101/258699
RainDrop	10.1186/s12859-020-03593-4
Randomly	10.1016/j.patter.2020.100035
Randomly	10.1101/426239
Randomly	arxiv/1810.03602
RankCompV3	10.1101/2023.11.28.569110
RankCompV3	10.1186/s12859-024-05889-1
RankCorr	10.1186/s12859-020-03641-z
RayleighSelection	arxiv/1811.03377
RCA	10.1038/ng.3818
rCASC	10.1038/s41540-020-00162-6
rCASC	10.1093/gigascience/giz105
rCASC	10.1101/2020.05.26.117705
rCASC	10.1101/430967
RCAv2	10.1093/nar/gkab632
RCAv2	10.1101/2021.02.16.431527
RCI-NB	arxiv/2307.05338
RcppML	10.1101/2021.09.01.458620
RCSL	10.1093/bioinformatics/btab276
RCSL	10.1101/2021.04.12.439254
ReadZS	10.1101/2021.09.29.462469
ReadZS	10.1186/s13059-022-02795-8
REBET	10.1093/bib/bbab204
reCAT	10.1038/s41467-017-00039-z
RECODE	10.1101/2022.05.02.490246
RECODE	10.26508/lsa.202201591
RECOMBINE	10.1101/2023.07.17.549344
RecursiveConsensusClustering	10.1038/s41598-020-67016-3
Red_Panda	10.1101/2020.01.08.898874
Red_Panda	10.1186/s12864-020-07224-3
redPATH	10.1016/j.gpb.2020.06.014
redPATH	10.1101/2020.03.05.977686
RegDiffusion	10.1089/cmb.2024.0607
RegDiffusion	10.1101/2023.11.05.565675
Regionvelocity	10.1093/nar/gkad969
Regionvelocity	10.1101/2022.05.02.490352
RESA	10.1101/2021.10.08.463191
RESA	10.1186/s13073-023-01269-1
RESCUE	10.1186/s12859-019-2977-0
ResPAN	10.1101/2021.11.08.467781
Revelio	10.15252/msb.20209946
RgCop	10.1101/2020.12.23.424205
RgCop	10.1371/journal.pcbi.1009464
RGGC	10.3390/genes12020311
RISC	10.1038/s41587-021-00859-x
RISC	10.1101/483297
RNA-Bloom	10.1101/701607
RNA-Bloom	10.1101/gr.260174.119
RNA-combine	10.1186/s12859-021-04549-y
RNA-Sieve	10.1101/2020.10.01.322867
RNA-Sieve	10.1101/gr.272344.120
RNA-strain-match	10.1101/2023.07.14.548847
RNAForecaster	10.1016/j.patter.2023.100793
RNAForecaster	10.1101/2022.08.04.502825
RobustCCC	10.3389/fgene.2023.1236956
robustSingleCell	10.1016/j.celrep.2019.10.131
robustSingleCell	10.1101/543199
ROGUE	10.1038/s41467-020-16904-3
ROGUE	10.1101/819581
ROSeq	10.1101/374025
ROSeq	10.1101/gr.267070.120
ROSeq-R	10.1101/374025
ROSeq-R	10.1101/gr.267070.120
rpca	10.1089/cmb.2018.0255
rROMA	10.1038/s41540-024-00331-x
rROMA	10.1101/2022.10.24.513448
RSCORE	10.1093/bib/bbab366
RSCORE	10.1101/699959
Rsubread	10.1093/nar/gkz114
Rsubread	10.1101/377762
rSuperCT	10.1093/nar/gkz116
rSuperCT	10.1101/416719
rusty_axe	10.1101/2021.09.13.460168
ruvIIInb	10.1093/nar/gkac486
ruvIIInb	10.1101/2021.11.06.467575
RVAgene	10.1093/bioinformatics/btab260
RVAgene	10.1101/2020.11.10.375436
RZiMM	arxiv/2110.12964
SAFE	10.1093/bioinformatics/bty793
SAFE	10.1101/215723
SageNet	10.1101/2022.04.14.488419
SAIC	10.1186/s12864-017-4019-5
salmon	10.1038/nmeth.4197
salmon	10.1093/bioinformatics/btaa450
salmon	10.1101/021592
salmon	10.1101/2020.04.10.035899
salmon	10.1101/335000
salmon	10.1186/s13059-019-1670-y
SAM	10.1101/364166
SAM	10.7554/eLife.48994
SAMap	10.1101/2020.09.28.317784
SAMap	10.7554/eLife.66747
SampleQC	10.1101/2021.08.28.458012
SampleQC	10.1186/s13059-023-02859-3
SAMstrt	10.1093/bioinformatics/btt511
Sanity	10.1038/s41587-021-00875-x
Sanity	10.1101/2019.12.28.889956
Sargent	10.1016/j.mex.2023.102196
Sargent	10.2139/ssrn.4359645
SASCRiP	10.12688/f1000research.75243.1
satuRn	10.1101/2021.01.14.426636
satuRn	10.12688/f1000research.51749.1
SATURN	10.1038/s41592-024-02191-z
SATURN	10.1101/2023.02.03.526939
SAUCIE	10.1038/s41592-019-0576-7
SAUCIE	10.1101/237065
saVAE	10.21203/rs.3.rs-2717344/v1
SAVER	10.1038/s41592-018-0033-z
SAVER	10.1101/138677
SAVER-X	10.1038/s41592-019-0537-1
SAVER-X	10.1101/457879
SAVER-X	10.1145/3311790.3399617
SBDN	arxiv/1802.08114
sc-compReg	10.1038/s41467-021-25089-2
sc-jnmf	10.1101/2020.09.30.319921
sc-jnmf	10.7717/peerj.12087
sc-Libra	10.1101/2021.01.27.428400
sc-Libra	10.15302/j-qb-022-0318
sc-REnF	10.1093/bib/bbab517
sc-REnF	10.1101/2020.10.10.334573
sc-REnF	10.21203/rs.3.rs-355014/v1
sc2marker	10.1186/s12859-022-04817-5
sc2MeNetDrug	10.1101/2021.11.15.468755
sc2MeNetDrug	10.1371/journal.pcbi.1011785
SC2P	10.1093/bioinformatics/bty329
SC3	10.1038/nmeth.4236
SC3	10.1101/036558
SC3s	10.1101/2021.05.20.445027
SC3s	10.1186/s12859-022-05085-z
SCA	10.1101/2021.01.19.427303
scAAnet	10.1101/2021.09.17.460824
scAAnet	10.1371/journal.pcbi.1010025
scAce	10.1093/bioinformatics/btad546
scACE	10.1214/19-STS714
scAdapt	10.1093/bib/bbab281
scAdapt	10.1101/2021.01.18.427083
scAEGAN	10.1101/2022.04.19.488745
scAEGAN	10.1371/journal.pone.0281315
scAEspy	10.1101/727867
scAEspy	10.1186/s12859-021-04150-3
SCAFE	10.1093/bioinformatics/btac644
SCAFE	10.1101/2021.04.04.438388
scaffold	10.1093/nar/gkab1071
scaffold	10.1101/2020.10.05.326553
scAI	10.1186/s13059-020-1932-8
scAIDE	10.1093/nargab/lqaa082
scAL	10.1038/s41374-021-00639-w
SCALA	10.1016/j.csbj.2023.10.032
SCALA	10.1101/2022.11.24.517826
SCALE	10.1101/109629
SCALE	10.1186/s13059-017-1200-8
SCALEX	10.1038/s41467-022-33758-z
SCALEX	10.1101/2021.04.06.438536
scAlign	10.1101/504944
scAlign	10.1186/s13059-019-1766-4
scAllele	10.1101/2022.03.29.486330
scAllele	10.1126/sciadv.abn6398
Scallop2	10.1038/s43588-022-00216-1
Scallop2	10.1101/2021.09.03.458862
scaLR	10.1101/2024.09.19.613226
scAMACE	10.1093/bioinformatics/btab426
scAMACE	10.1101/2021.03.29.437485
scAMACE_py	10.1093/bioinformatics/btab426
scAMACE_py	10.1101/2021.03.29.437485
scAmpi	10.1101/2021.03.25.437054
scAmpi	10.1371/journal.pcbi.1010097
scAN10	10.1101/2022.11.07.515546
scAN10	10.3233/isb-220252
scAnCluster	10.3390/genes11070792
SCANet	10.1093/bioinformatics/btad644
scANNA	10.1101/2023.05.29.542760
scAnno	10.1093/bib/bbad179
scAnnotatR	10.1101/2020.12.22.424025
scAnnotatR	10.1186/s12859-022-04574-5
scAnnoX	10.7717/peerj.17184
scanorama	10.1038/s41587-019-0113-3
scanorama	10.1101/371179
Scanpro	10.1038/s41598-024-66381-7
Scanpro	10.1101/2023.08.14.553234
Scanpro	10.21203/rs.3.rs-3375942/v1
Scanpy	10.1101/174029
Scanpy	10.1101/208819
Scanpy	10.1186/s13059-017-1382-0
Scanpy	10.1186/s13059-019-1663-x
scAPA	10.1093/nar/gkz781
scAPAtrap	10.1093/bib/bbaa273
SCAPE	10.1093/nar/gkac167
SCAPE-APA	10.1101/2024.03.12.584547
SCAPE-APA	10.12688/openreseurope.18673.3
scapGNN	10.1371/journal.pbio.3002369
SCAPTURE	10.1101/2021.03.17.435782
SCAPTURE	10.1186/s13059-021-02437-5
scAR	10.1101/2022.01.14.476312
scArches	10.1038/s41556-022-01072-x
scArches	10.1038/s41587-021-01001-7
scArches	10.1038/s41592-023-02035-2
scArches	10.1101/2020.07.16.205997
scArches	10.1101/2022.02.05.479217
scArches	10.1101/2022.11.28.517803
scarf	10.1038/s41467-022-32097-3
scarf	10.1101/2021.05.02.441899
scasa	10.1093/bioinformatics/btab807
scASfind	10.1101/2023.08.19.553947
scASfind	10.1186/s13059-024-03323-6
scASK	10.1101/2020.06.07.138271
scASK	10.1109/jbhi.2021.3050963
scASK	10.1109/JBHI.2021.3050963
SCASL	10.1038/s41467-024-46480-9
Scater	10.1093/bioinformatics/btw777
Scater	10.1101/069633
scATOMIC	10.1038/s41467-023-37353-8
scATOMIC	10.1101/2022.06.14.496107
SCATrEx	10.1007/978-3-031-04749-7_36
SCATrEx	10.1101/2021.11.04.467244
SCATS	10.1101/738997
SCATS	10.1371/journal.pcbi.1007925
scatterHatch	10.1101/2021.10.07.463279
scatterHatch	10.7554/elife.82128
SCATTome	10.1038/leu.2015.361
scBASE	10.1038/s41467-019-13099-0
scBASE	10.1101/383224
scBatch	10.1093/bioinformatics/btaa097
scBatch	10.1101/669739
scBayes	10.1101/gr.278234.123
scbean	10.1093/bib/bbab400
scbean	10.1093/bioinformatics/btad005
scbean	10.1101/2021.04.06.438733
scBERT	10.1038/s42256-022-00534-z
scBERT	10.1101/2021.12.05.471261
scBGEDA	10.1093/bioinformatics/btad075
scBiG	10.1093/nargab/lqae004
scBio	10.1038/s41592-019-0355-5
scBonita	10.1038/s41540-022-00246-5
scBonita	10.1101/2022.03.07.22271522
scBoolSeq	10.1101/2023.10.23.563518
scBoolSeq	10.1371/journal.pcbi.1011620
scBridge	10.1038/s41467-023-41795-5
scBT	10.1093/nar/gkac019
scBT	10.1101/2021.09.08.459475
scBTF	arxiv/2308.08060
scBubbletree	10.1101/2023.03.09.531263
scBubbletree	10.1186/s12859-024-05927-y
scButterfly	10.1038/s41467-024-47418-x
SCC	10.1186/s12859-020-03878-8
SCC	10.21203/rs.2.22114/v1
scCAD	10.1101/2024.02.25.581975
scCAEs	10.1093/bib/bbab321
SCCAF	10.1038/s41592-020-0825-9
SCCAF	arxiv/2004.09847
scCAN	10.1038/s41598-022-14218-6
scCancer	10.1093/bib/bbaa127
scCancer	10.1101/800490
scCancer2	10.1093/bioinformatics/btae028
scCancer2	10.1101/2023.08.22.554137
scCaps	10.1038/s42256-020-00244-4
scCaps	10.1101/570507
scCapsNet-mask	10.1186/s12859-022-05098-8
scCapsNet-mask	10.21203/rs.3.rs-1763879/v1
scCATCH	10.1016/j.isci.2020.100882
scCB2	10.1101/832535
scCB2	10.1186/s13059-020-02054-8
scCCESS	10.1101/773903
scCCESS	10.1186/s12859-019-3179-5
scClassifR	10.1101/2020.12.22.424025
scClassify	10.1101/776948
scClassify	10.15252/msb.20199389
scCLUE	10.1016/j.compbiolchem.2020.107283
scClustBench	10.1093/bib/bby076
scclusteval	10.1093/bioinformatics/btaa956
scclusteval	10.1101/2020.05.26.116640
scClustViz	10.12688/f1000research.16198.1
scCobra	10.1101/2022.10.23.513389
scCODA	10.1038/s41467-021-27150-6
scCODA	10.1101/2020.12.14.422688
scCODE	10.1093/bib/bbac180
scCODE	10.1101/2021.11.18.469072
sccomp	10.1073/pnas.2203828120
sccomp	10.1101/2022.03.04.482758
scConfluence	10.1101/2024.02.26.582051
scConnect	10.1093/bioinformatics/btab245
scConsensus	10.1101/2020.04.22.056473
scConsensus	10.1186/s12859-021-04028-4
scCorr	10.1101/2021.03.04.433945
scCorr	10.1186/s12864-021-08235-4
scCorrector	10.1093/bib/bbad525
scCross	10.1101/2023.11.22.568376
scCrossTalk	10.1016/j.eng.2023.12.004
scDA	10.1016/j.csbj.2021.05.046
scDALI	10.1101/2021.03.19.436142
scDALI	10.1186/s13059-021-02593-8
scDAPA	10.1093/bioinformatics/btz701
scDaPars	10.1101/2020.09.23.310649
scDaPars	10.1101/gr.271346.120
scDART	10.1101/2021.04.16.440230
scDART	10.1186/s13059-022-02706-x
scDblFinder	10.12688/f1000research.73600.1
scDBM	10.1038/s41598-021-88875-4
scDBM	10.1101/2020.05.27.119594
scDCA	10.1101/2024.02.28.582416
scDCC	10.1038/s41467-021-22008-3
scDD	10.1101/035501
scDD	10.1186/s13059-016-1077-y
scDDboost	10.1101/655795
scDDboost	10.1214/20-aoas1423
SCDE	10.1038/nmeth.2967
SCDE	10.1038/nmeth.3734
SCDE	10.1101/026948
scDEA	10.1093/bib/bbab402
scDEAL	10.1038/s41467-022-34277-7
scDEAL	10.1101/2021.08.01.454654
scDecouple	10.1093/bib/bbae011
scDecouple	10.1101/2023.01.31.526445
scDEED	10.1038/s41467-024-45891-y
scDEED	10.1101/2023.04.21.537839
scDeepCluster	10.1038/s42256-019-0037-0
scDeepHash	10.1101/2021.11.08.467820
scDeepInsight	10.1093/bib/bbad266
scDeepInsight	10.1101/2023.03.09.531861
scDeepSort	10.1093/nar/gkab775
scDeepSort	10.1101/2020.05.13.094953
scDEF	10.1101/2022.10.15.512383
scDesign	10.1093/bioinformatics/btz321
scDesign	10.1101/437095
scDesign2	10.1089/cmb.2021.0440
scDesign2	10.1101/2020.11.17.387795
scDesign2	10.1186/s13059-021-02367-2
scDesign3	10.1038/s41587-023-01772-1
scDesign3	10.1101/2022.09.20.508796
scDetect	10.1093/bioinformatics/btab410
scDGN	10.1089/cmb.2020.0439
scDGN	10.1101/2020.01.06.896621
scDHA	10.1038/s41467-021-21312-2
scDHA	10.1101/799817
scDHMap	10.1101/gr.277068.122
scdiff	10.1101/gr.225979.117
scDiffCom	10.1038/s43587-023-00514-x
scDiffCom	10.1101/2021.08.13.456238
scDisco	10.1186/s12859-024-05706-9
scDisInFact	10.1038/s41467-024-45227-w
scDisInFact	10.1101/2023.05.01.538975
scDist	10.1101/2023.05.06.539326
scdNet	10.1186/s12918-018-0652-0
scdney	10.1093/bib/bby076
scdney	10.1186/s12859-019-3211-9
scDoc	10.1093/bioinformatics/btaa283
scDoc	10.1101/731638
scdrake	10.1093/bioadv/vbad089
scDREAMER	10.1038/s41467-023-43590-8
scDREAMER	10.1101/2022.07.12.499846
scDRS	10.1038/s41588-022-01167-z
scDRS	10.1101/2021.09.24.461597
scDrug	10.1016/j.csbj.2022.11.055
scDrugPrio	10.1101/2023.11.08.566249
scDrugPrio	10.1186/s13073-024-01314-7
scds	10.1093/bioinformatics/btz698
scds	10.1101/564021
sceb	10.1101/389296
scEC	10.1101/2020.10.01.322255
Scedar	10.1101/375196
Scedar	10.1371/journal.pcbi.1007794
scEFSC	10.1016/j.csbj.2022.04.023
SCell	10.1093/bioinformatics/btw201
SCellBOW	10.1101/2022.12.28.522060
scellpam	10.1186/s12859-023-05471-1
SCelVis	10.1101/713008
SCelVis	10.7717/peerj.8607
scEMAIL	10.1016/j.gpb.2022.12.008
SCENA	10.1093/bib/bbab236
SCENIC	10.1038/nmeth.4463
SCENIC	10.1038/s41596-020-0336-2
SCENIC	10.1101/144501
scenicplus	10.1038/s41592-023-01938-4
scenicplus	10.1101/2022.08.19.504505
SCENT	10.1038/ncomms15599
SCENT	10.1093/bioinformatics/btaa987
SCENT	10.1101/084202
scEpath	10.1093/bioinformatics/bty058
Sceptic	10.1101/2023.11.03.565575
scETM	10.1038/s41467-021-25534-2
scETM	10.1101/2021.01.13.426593
SCEVAN	10.1038/s41467-023-36790-9
SCEVAN	10.1101/2021.11.20.469390
scEvoNet	10.1101/2022.12.07.519467
scEvoNet	10.1186/s12859-023-05213-3
scFates	10.1093/bioinformatics/btac746
scFates	10.1101/2022.07.09.498657
scFBA	10.1101/256644
scFBA	10.1371/journal.pcbi.1006733
scFEA	10.1093/nar/gkad444
scFEA	10.1101/2020.09.23.310656
scFEA	10.1101/2022.06.18.496660
scFEA	10.1101/gr.271205.120
scFeatureFilter	10.1007/978-3-319-78723-7_31
scFeatures	10.1093/bioinformatics/btac590
scFeatures	10.1101/2022.01.20.476845
scfind	10.1038/s41592-021-01076-9
scfind	10.1101/788596
scFlow	10.1101/2021.08.16.456499
scFormer	10.1101/2022.11.20.517285
scFseCluster	10.26508/lsa.202302103
scFusion	10.1038/s41467-022-28661-6
scFusion	10.1101/2020.12.27.424506
scGAE	10.1038/s41598-021-99003-7
scGAE	10.1101/2021.02.16.431357
scGAN	10.1038/s41467-019-14018-z
scGAN	10.1101/390153
scGate	10.1093/bioinformatics/btac141
scGate	10.1101/2021.11.08.467740
scGATE	10.1093/bib/bbae180
scGBM	10.1101/2023.04.21.537881
scGCL	10.1093/bioinformatics/btad098
scGEAToolbox	10.1093/bioinformatics/btz830
scGEAToolbox	10.1101/544163
scGen	10.1038/s41592-019-0494-8
scGen	10.1101/478503
scGeneFit	10.1038/s41467-021-21453-4
scGeneFit	10.1101/599654
scGeom	arxiv/2309.07950
scGESTALT	10.1038/s41596-018-0058-x
scGESTALT	10.1101/205534
scGNN	10.1038/s41467-021-22197-x
scGNN	10.1101/2020.08.02.233569
scGNN2	10.1093/bioinformatics/btac684
scGOclust	10.1101/2024.01.09.574675
scGPT	10.1038/s41592-024-02201-0
scGPT	10.1101/2023.04.30.538439
scGraph	10.1093/bioinformatics/btac199
scGREAT	10.1101/2023.01.27.525916
scGTM	10.1093/bioinformatics/btac423
scGTM	10.1101/2021.11.25.470059
scGWAS	10.1186/s13059-022-02785-w
schema	10.1101/834549
schema	10.1186/s13059-021-02313-2
schex	10.1093/bioinformatics/btz907
scHinter	10.1093/bioinformatics/btz627
SCHiRM	10.1101/335695
schist	10.1101/2020.06.28.176180
schist	10.1186/s12859-021-04489-7
scHLAcount	10.1093/bioinformatics/btaa264
scHLAcount	10.1101/750612
SCHNAPPs	10.1016/j.jim.2021.113176
SCHNAPPs	10.1101/2020.06.07.127274
SCHNEL	10.1093/bioinformatics/btaa816
SCHNEL	10.1101/2020.03.30.015925
scHPF	10.1101/2023.12.05.570193
scHPF	10.1101/367003
scHPF	10.15252/msb.20188557
scHPL	10.1038/s41467-021-23196-8
scHumanNet	10.1093/nar/gkac1042
scHumanNet	10.1101/2022.06.20.496836
scIAE	10.1093/bib/bbab508
scIB	10.1038/s41592-021-01336-8
scIB	10.1101/2020.05.22.111161
SCIBER	10.1093/bioinformatics/btac819
SciBet	10.1038/s41467-020-15523-2
SciBet	10.1101/645358
sciCAN	10.1038/s41540-022-00245-6
sciCAN	10.1101/2021.11.30.470677
sciCSR	10.1038/s41592-023-02060-1
sciCSR	10.1101/2023.02.02.526789
scID	10.1016/j.isci.2020.100914
scID	10.1101/470203
scIGANs	10.1093/nar/gkaa506
scIGANs	10.1101/2020.01.20.913384
scigenex	10.1101/2024.03.19.585667
scIHPF	10.1101/2021.07.08.451664
SCILEN	10.3390/genes12111670
SCIM	10.1093/bioinformatics/btaa843
SCIM	10.1101/2020.06.11.146845
SCIMITAR	10.1101/070151
SCIMITAR	10.1142/9789813207813_0053
scImpute	10.1038/s41467-018-03405-7
scImpute	10.1101/141598
SCINA	10.1101/559872
SCINA	10.3390/genes10070531
SCINET	10.1016/j.cels.2019.10.007
SCINET	10.1101/586859
SCING	10.1016/j.isci.2023.107124
SCING	10.1101/2022.09.07.506959
scINSIGHT	10.1101/2021.10.13.464306
scINSIGHT	10.1186/s13059-022-02649-3
scIntegral	10.1101/2020.09.17.301911
sciPENN	10.1038/s42256-022-00545-w
sciPENN	10.1101/2020.09.23.310003
scipr	10.1101/2020.05.13.093948
scipr	10.1371/journal.pcbi.1007939
scirpy	10.1093/bioinformatics/btaa611
scirpy	10.1101/2020.04.10.035865
scisorseqr	10.1038/s41467-020-20343-5
scisorseqr	10.1101/2020.08.27.268730
ScisorWiz	10.1093/bioinformatics/btac340
ScisorWiz	10.1101/2022.04.14.488347
scISR	10.1038/s41598-022-06500-4
SCISSORS	10.1093/bioinformatics/btad449
SCISSORS	10.1101/2021.10.29.466448
scITD	10.1101/2022.02.16.480703
Sciviewer	10.1093/bioinformatics/btab689
Sciviewer	10.1101/2021.08.12.455997
scJIVE	10.1101/2023.10.25.563973
scJoint	10.1038/s41587-021-01161-6
scJoint	10.1101/2020.12.31.424916
scKB	10.1016/j.xpro.2022.101729
scKINETICS	10.1093/bioinformatics/btad267
scKWARN	10.1093/bioinformatics/btae008
scLANE	10.1101/2023.12.19.572477
scLAPA	10.1101/2021.01.04.425335
scLCA	10.1093/nar/gkz826
scLCA	10.1101/305581
scLens	10.1038/s41467-024-47884-3
scLINE	10.1016/j.jbi.2021.103899
SClineager	10.1016/j.celrep.2020.108589
SClineager	10.1101/2020.01.01.892562
scLink	10.1016/j.gpb.2020.11.006
scLink	10.1101/2020.09.19.304956
scLKME	10.1101/2023.11.13.566846
scLRTC	10.1186/s12864-021-08101-3
scLRTC	10.21203/rs.3.rs-757792/v1
scLVM	10.1038/nbt.3102
scMAGeCK	10.1101/2023.10.30.564796
scMAGeCK	10.1101/658146
scMAGeCK	10.1186/s13059-020-1928-4
scMAGIC	10.1093/nar/gkab1275
scMAGS	10.1016/j.compbiomed.2023.106634
scMAGS	10.1101/2022.03.22.485261
scmap	10.1038/nmeth.4644
scmap	10.1101/150292
scMAPA	10.1093/gigascience/giac033
scMAPA	10.1101/2020.07.30.229096
scMappR	10.1093/nargab/lqab011
scMappR	10.1101/2020.08.24.265298
SCMarker	10.1101/356634
SCMarker	10.1371/journal.pcbi.1007445
scMatch	10.1093/bioinformatics/btz292
scMayoMap	10.1101/2023.05.03.538463
scMayoMap	10.1186/s12915-023-01728-6
scMC	10.1186/s13059-020-02238-2
scMCA	10.1016/j.cell.2018.02.001
scMDC	10.1038/s41467-022-35031-9
scMEGA	10.1093/bioadv/vbad003
scMEGA	10.1101/2022.08.10.503335
SCMER	10.1038/s43588-021-00070-7
SCMER	10.1101/2020.12.01.407262
scMerge	10.1038/s41467-023-39923-2
scMerge	10.1073/pnas.1820006116
scMerge	10.1093/gigascience/giz106
scMerge	10.1101/2022.12.08.519588
scMerge	10.1101/229815
scMerge	10.1101/393280
scMetric	10.1101/456814
scMGCA	10.1038/s41467-023-36134-7
scMiko	10.1038/s42003-022-04093-2
scMiko	10.1101/2022.03.13.484162
scMiko	10.21203/rs.3.rs-1555516/v1
scMINER	10.1101/2023.01.26.523391
scmixture	10.1089/cmb.2022.0273
scmixture	10.1101/2021.05.19.444841
scMLnet	10.1093/bib/bbaa327
scMM	10.1016/j.crmeth.2021.100071
scMM	10.1101/2021.02.18.431907
scMM	10.2139/ssrn.3806072
scModels	10.1101/657619
scMOG	10.1002/advs.202301169
scMoMaT	10.1038/s41467-023-36066-2
scMoMaT	10.21203/rs.3.rs-2022586/v1
scMomentum	10.1101/2020.12.30.424887
scMOO	10.1093/bioinformatics/btac300
scMRA	10.1093/bioinformatics/btab700
scMRMA	10.1093/nar/gkab931
scMTD	10.1186/s13578-022-00886-4
scMuffin	10.1101/2022.06.01.494129
scMuffin	10.1186/s12859-023-05563-y
scMulan	10.1101/2024.01.25.577152
scMultiSim	10.1101/2022.10.15.512320
SCmut	10.1093/bioinformatics/btz288
scMVAE	10.1093/bib/bbaa287
scNanoGPS	10.1101/2023.01.24.525264
scNAT	10.1186/s13059-023-03129-y
scNBMF	10.1186/s12918-019-0699-6
scNCA	10.1101/543314
scNetViz	10.12688/f1000research.52460.1
SCNorm	10.1038/nmeth.4263
SCNorm	10.1101/090167
scNovel	10.1093/bib/bbae112
scNPF	10.1186/s12864-019-5747-5
SCNS	10.1186/s12918-018-0581-y
scNym	10.1101/2020.06.04.132324
scNym	10.1101/gr.268581.120
SCODE	10.1093/bioinformatics/btx194
SCODE	10.1101/088856
SComatic	10.1101/2022.11.22.517567
scone	10.1016/j.cels.2019.03.010
scone	10.1101/235382
scOntoMatch	10.1038/s41467-023-41855-w
scOntoMatch	10.1101/2022.09.27.509674
SCope	10.1016/j.cell.2018.05.057
SCope	10.1101/237420
scopeplus	10.1101/2022.12.03.518997
SCOPer	10.1093/bioinformatics/bty235
SCOPer	10.1101/175315
SCORPION	10.1038/s43588-024-00597-5
SCORPION	10.1101/2023.01.20.524974
SCORPIUS	10.1101/079509
SCOTCH	10.1101/2024.04.29.590597
SCOUT	10.1016/j.compbiolchem.2019.03.013
scover	10.1101/2020.11.26.400218
scover	10.1186/s13059-023-03021-9
SCPA	10.1016/j.celrep.2022.111697
SCPA	10.1101/2022.02.07.478807
scPAFA	10.1101/2024.03.11.584023
scPagwas	10.1016/j.xgen.2023.100383
scPagwas	10.1101/2023.03.04.23286805
scPanoView	10.1101/616862
scPanoView	10.1371/journal.pcbi.1007040
scPathoQuant	10.1101/2023.07.21.549987
SCPattern	10.1101/046110
scPCA	10.1093/bioinformatics/btaa176
scPCA	10.1101/836650
scPCA	10.21105/joss.02079
scPharm	10.1101/2023.12.11.571182
scphaser	10.1093/bioinformatics/btw484
scPheno	10.1101/2023.03.04.531126
scPhere	10.1038/s41467-021-22851-4
scPhere	10.1101/853457
scPipe	10.1101/175927
scPipe	10.1371/journal.pcbi.1006361
scPlant	10.1016/j.xplc.2023.100631
scPlant	10.1101/2022.10.24.513543
scploid	10.1186/s12864-017-4253-x
scPlot	10.1038/s41592-020-0905-x
scPlot	10.1101/823682
scPMP	10.1101/2021.12.14.472627
scPNMF	10.1093/bioinformatics/btab273
scPNMF	10.1101/2021.02.09.430550
scpoisson	10.1186/s12859-023-05349-2
scpoisson	10.21203/rs.3.rs-2517698/v1
scPOP	10.1093/gigascience/giab061
scPOP	10.1101/2021.03.26.437190
scPopCorn	10.1016/j.cels.2019.05.007
scPopCorn	10.1101/485979
scPOST	10.1101/2020.11.23.390682
scPOST	10.2139/ssrn.3828194
scPower	10.1038/s41467-021-26779-7
scPower	10.1101/2020.04.01.019851
scPred	10.1101/369538
scPred	10.1186/s13059-019-1862-5
scPretrain	10.1093/bioinformatics/btac007
scPretrain	10.1101/2020.11.18.386102
scPRINT	10.1101/2024.07.29.605556
scPrisma	10.1038/s41587-023-01663-5
scPrisma	10.1101/2022.06.07.493867
scProject	10.1101/2021.08.25.457650
scProximitE	10.1093/bib/bbac387
scProximitE	10.1101/2022.04.21.489121
scPSD	10.1093/nar/gkac436
scPSD	10.1101/2021.10.25.465657
scPSM	10.1093/bib/bbac275
SCpubr	10.1101/2022.02.28.482303
scQA	10.1016/j.csbj.2023.12.021
scQA	10.1101/2023.03.25.534232
SCQC	10.1016/j.ygeno.2019.02.014
scQCEA	10.1186/s12864-023-09447-6
scQcut	10.1101/2021.07.15.452521
scQuint	10.1101/2021.04.27.441683
scQuint	10.7554/elife.73520
SCRABBLE	10.1186/s13059-019-1681-8
scRAE	arxiv/2107.07709
scran	10.1038/nbt.4091
scran	10.1101/165118
scran	10.1186/s13059-016-0947-7
scRank	10.1016/j.xcrm.2024.101568
scRANK	10.1101/2023.10.02.560416
scRANK	10.1371/journal.pcbi.1011550
scRCA	10.1101/2024.04.08.588510
scRCMF	10.1109/TBME.2019.2937228
SCReadCounts	10.1101/2020.11.23.394569
SCReadCounts	10.1186/s12864-021-07974-8
scReadSim	10.1038/s41467-023-43162-w
scReadSim	10.1101/2022.05.29.493924
scReClassify	10.1186/s12864-019-6305-x
scRecover	10.1101/665323
SCREEN	10.1007/s11704-024-31014-9
scREhurdle	10.1111/biom.13074
scriabin	10.1038/s41587-023-01782-z
scriabin	10.1101/2022.02.04.479209
Scribe	10.1016/j.cels.2020.02.003
Scribe	10.1101/426981
SCRIP	10.1093/bioinformatics/btab824
SCRIPro	10.1101/2023.12.21.572934
scRL	10.1101/2024.07.04.602019
SCRL	10.1093/nar/gkx750
scRMD	10.1093/bioinformatics/btaa139
scRMD	10.1101/459404
scRNA	10.1038/s41598-019-56911-z
scRNABatchQC	10.1093/bioinformatics/btz601
scRNAbox	10.1101/2023.11.13.566851
scRNASequest	10.1186/s12864-023-09332-2
scRNAss	10.1093/bioinformatics/btz240
scROSHI	10.1093/nargab/lqad058
scROSHI	10.1101/2022.04.05.487176
Scrublet	10.1016/j.cels.2018.11.005
Scrublet	10.1101/357368
scruff	10.1101/522037
scruff	10.1186/s12859-019-2797-2
SCSA	10.1101/2019.12.22.886481
SCSA	10.3389/fgene.2020.00490
scSampler	10.1093/bioinformatics/btac271
scSampler	10.1101/2022.01.15.476407
SCSC	10.5705/ss.202020.0337
scScope	10.1038/s41592-019-0353-7
scScope	10.1101/315556
scSDAE	10.3390/genes11050532
scSemiAE	10.1186/s12859-022-04703-0
scSemiAE	10.21203/rs.3.rs-1037942/v1
scSemiCluster	10.1093/bioinformatics/btaa908
scSensitiveGeneDefine	10.1186/s12859-021-04136-1
scSeqComm	10.1093/bioinformatics/btac036
scShaper	10.1093/bioinformatics/btab831
scShaper	10.1101/2021.05.03.442435
scShapes	10.1093/gigascience/giac126
scShapes	10.1101/2022.02.13.480299
scSHARP	10.1093/bioinformatics/btad360
scSHARP	10.1101/2022.11.23.517739
scShift	10.1101/2023.11.11.566161
scsim	10.1101/310599
scsim	10.7554/eLife.43803
scSimClassify	10.1016/j.isci.2021.102855
scSimClassify	10.1101/2021.05.29.446268
SCSit	10.1016/j.csbj.2021.08.021
scSniper	10.1101/2023.11.22.568389
scSNPdemux	10.1186/s12859-023-05440-8
scsnv	10.1186/s13059-021-02364-5
scSO	10.1093/g3journal/jkab098
scSorter	10.1186/s13059-021-02281-7
scSpace	10.1038/s41467-023-38121-4
scSpace	10.1101/2022.05.07.491043
scSPARKL	10.1101/2023.04.07.536003
scSplit	10.1101/570614
scSplit	10.1186/s13059-019-1852-7
scSTEM	10.1186/s13059-022-02716-9
scSVA	10.1101/512582
scTab	10.1101/2023.10.07.561331
scTDA	10.1038/nbt.3854
scTE	10.1038/s41467-021-21808-x
scTE	10.1101/2020.07.23.218800
scTenifoldKnk	10.1101/2021.03.22.436484
scTenifoldKnk	10.2139/ssrn.3872938
scTenifoldNet	10.1016/j.patter.2020.100139
scTenifoldNet	10.1101/2020.02.12.931469
scTenifoldpy	10.1016/j.patter.2020.100139
scTensor	10.1101/2022.12.07.519225
scTensor	10.1101/566182
scTensor	10.1186/s12859-023-05490-y
scTEP	10.1186/s12859-023-05179-2
scTIE	10.1101/2023.05.18.541381
scTIE	10.1101/gr.277960.123
scTIM	10.1093/bioinformatics/btz936
scTITANS	10.1016/j.csbj.2021.07.016
scTOP	10.1101/2023.01.25.525581
scTOP	10.1242/dev.201873
scTopoGAN	10.1093/bioadv/vbad171
scTopoGAN	10.1101/2022.04.27.489829
scTour	10.1101/2022.04.17.488600
scTour	10.1186/s13059-023-02988-9
scTree	10.21105/joss.02061
scTriangulate	10.1038/s41467-023-36016-y
scTriangulate	10.1101/2021.10.16.464640
scTSSR	10.1093/bioinformatics/btaa108
ScType	10.1038/s41467-022-28803-w
ScType	10.1101/812131
scTyper	10.1186/s12859-020-03700-5
SCUBA	10.1073/pnas.1408993111
SCUBI	10.1016/j.crmeth.2021.100135
scumi	10.1038/s41587-020-0465-8
scumi	10.1101/632216
scUnifrac	10.1101/333393
scUnifrac	10.1371/journal.pbio.2006687
SCUREL	10.1101/2021.06.30.450496
SCUREL	10.1261/rna.078886.121
scUTRquant	10.1101/2021.11.22.469635
scuttle	10.1093/bioinformatics/btw777
scuttle	10.1101/069633
scVAE	10.1093/bioinformatics/btaa293
scVAE	10.1101/318295
scVAEIT	10.1073/pnas.2214414119
scVAEIT	10.1101/2022.07.25.501456
scVDMC	10.1371/journal.pcbi.1006053
scVEGs	10.1186/s12864-016-2897-6
scVelo	10.1038/s41587-020-0591-3
scVelo	10.1101/820936
scVGAE	arxiv/2403.08959
scvi-tools	10.1016/j.crmeth.2022.100182
scvi-tools	10.1038/s41587-021-01206-w
scvi-tools	10.1038/s41592-018-0229-2
scvi-tools	10.1038/s41592-020-01050-x
scvi-tools	10.1073/pnas.2209124120
scvi-tools	10.1093/bioinformatics/btaa169
scvi-tools	10.1101/2020.05.08.083337
scvi-tools	10.1101/2021.04.28.441833
scvi-tools	10.1101/2021.08.20.457057
scvi-tools	10.1101/2022.05.27.493625
scvi-tools	10.1101/292037
scvi-tools	10.1101/532895
scvi-tools	10.1101/737601
scvi-tools	10.1101/794289
scvi-tools	10.1101/794875
scvi-tools	10.15252/msb.20209620
scvi-tools	arxiv/1905.02269
scViewer	10.3390/cells12111489
scVirtualCyto	10.1093/nargab/lqaa025
scVirtualCyto	10.1101/843946
scvis	10.1038/s41467-018-04368-5
scvis	10.1101/178624
scvr	10.1101/2020.07.30.229534
scvr	10.3389/fgene.2021.764170
scWizard	10.1016/j.csbj.2022.08.028
scX	arxiv/2311.00012
scywalker	10.1101/2024.02.22.581508
scziDesk	10.1093/nargab/lqaa039
SDImpute	10.1371/journal.pcbi.1009118
SEACells	10.1038/s41587-023-01716-9
SEACells	10.1101/2022.04.02.486748
SEAT	10.1093/nar/gkac1044
SEAT	10.1101/2022.08.17.504240
secDrug	10.1038/s41408-022-00636-2
Secuer	10.1371/journal.pcbi.1010753
SEDIM	10.1093/bib/bbab368
SEGtool	10.1093/bib/bbx074
SelfE	10.1109/TCBB.2020.2997326
SELINA	10.1016/j.crmeth.2023.100577
SELINA	10.21203/rs.3.rs-1198843/v1
SELINA	10.2139/ssrn.4314148
SEMITONES	10.1093/nar/gkac639
SEMITONES	10.1101/2020.11.17.386664
SenePy	10.1101/2023.08.30.555644
SEPIRA	10.1101/553040
seqgendiff	10.1101/758524
seqgendiff	10.1186/s12859-020-3450-9
SequencingCancerFinder	10.1038/s41467-024-46413-6
SEQUIN	10.1101/2022.02.23.481646
SEQUIN	10.2139/ssrn.4193117
SERGIO	10.1016/j.cels.2020.08.003
SERGIO	10.1101/716811
SERM	10.1038/s41467-022-34595-w
SERM	10.1101/2022.01.18.476789
Seurat	10.1016/j.cell.2019.05.031
Seurat	10.1016/j.cell.2021.04.048
Seurat	10.1038/nbt.3192
Seurat	10.1038/nbt.4096
Seurat	10.1038/s41587-023-01767-y
Seurat	10.1101/164889
Seurat	10.1101/2020.10.12.335331
Seurat	10.1101/2022.02.24.481684
Seurat	10.1101/460147
Seurat	10.1101/576827
Seurat	10.1186/s13059-019-1874-1
SEVtras	10.1038/s41592-023-02117-1
ShareNet	10.1093/bioinformatics/btab269
SHARP	10.1101/461640
SHARP	10.1101/gr.254557.119
Sharq	10.1101/250811
SHazaM	10.1093/bioinformatics/btv359
ShinyCell	10.1093/bioinformatics/btab209
ShinyCell	10.1101/2020.10.25.354100
ShinyMultiome-UiO	10.1101/2023.06.20.545756
SiCeLoRe	10.1038/s41467-020-17800-6
SiCeLoRe	10.1101/831495
SICILIAN	10.1101/2020.04.14.041905
SICILIAN	10.1186/s13059-021-02434-8
SiCR	10.1101/2023.08.03.551897
Sierra	10.1101/867309
Sierra	10.1186/s13059-020-02071-7
SIEVE	10.1097/BS9.0000000000000072
SiFINeT	10.1093/nar/gkae307
SiFINeT	10.1101/2023.05.24.541352
SiFT	10.1038/s41467-024-44757-7
SiFT	10.1101/2023.01.18.524512
SigEMD	10.1016/j.ymeth.2018.04.017
sigGCN	10.1101/2021.06.13.448259
sigGCN	10.1186/s12859-021-04278-2
SigHotSpotter	10.1093/bioinformatics/btz827
SIGMA	10.1101/2021.05.11.443685
signac	10.1101/2020.11.16.384479
SignacX	10.1101/2021.02.01.429207
SignacX	10.26502/jbsb.5107057
signifinder	10.1101/2023.03.07.530940
SILGGM	10.1371/journal.pcbi.1006369
SIMBA	10.1038/s41592-023-01899-8
SIMBA	10.1101/2021.10.17.464750
SimCD	arxiv/2104.01512
SimiC	10.1038/s42003-022-03319-7
SimiC	10.1101/2020.04.03.023002
SIMLR	10.1002/pmic.201700232
SIMLR	10.1038/nmeth.4207
SIMLR	10.1101/052225
SIMLR	10.1101/118901
simpleaf	10.1093/bioinformatics/btad614
simpleaf	10.1101/2023.03.28.534653
SIMPLEs	10.1093/nargab/lqaa077
SIMPLEs	10.1101/2020.01.13.904649
SIMS	10.1101/2023.02.28.529615
simspec	10.1101/2020.02.27.968560
simspec	10.1186/s13059-020-02147-4
SINC	10.1093/bioinformatics/btz801
Sincast	10.1093/bib/bbac088
Sincast	10.1101/2021.11.07.467660
sincell	10.1093/bioinformatics/btv368
sincell	10.1101/014472
SINCERA	10.1007/978-1-4939-7710-9_15
SINCERA	10.1371/journal.pcbi.1004575
SINCERITIES	10.1093/bioinformatics/btx575
SINCERITIES	10.1101/089110
SinCHet	10.1093/bioinformatics/btx297
SinCMat	10.1016/j.stemcr.2023.12.006
SingCellaR	10.1016/j.xpro.2022.101266
SINGE	10.1016/j.celrep.2022.110333
SINGE	10.1101/534834
SingleCellExplorer	10.1186/s12864-019-6053-y
SingleCellGGM	10.1101/2023.02.05.526424
singleCellHaystack	10.1038/s41467-020-17900-3
singleCellHaystack	10.1038/s41598-023-38965-2
singleCellHaystack	10.1101/2022.11.13.516355
singleCellHaystack	10.1101/557967
singleCellHaystack-py	10.1038/s41598-023-38965-2
SingleCellNet	10.1016/j.cels.2019.06.004
SingleCellNet	10.1101/508085
SingleCellSignalR	10.1093/nar/gkaa183
SingleCellSignalR	10.1101/2019.12.11.872895
SingleCellSignatureExplorer	10.1093/nar/gkz601
SingleCellSignatureExplorer	10.1101/621805
singleCellTK	10.1038/s41467-022-29212-9
singleCellTK	10.1101/2020.11.16.385328
singleCellTK	10.1101/2022.07.13.499900
singleCellTK	10.1101/329755
singleCellTK	10.2139/ssrn.4174578
SinglePointRNA	arxiv/2305.00008
SingleR	10.1038/s41590-018-0276-y
SingleR	10.1101/284604
singleseqgset	10.1016/j.immuni.2019.11.014
SingleSplice	10.1093/nar/gkv1525
SinNLRR	10.1093/bioinformatics/btz139
SinQC	10.1093/bioinformatics/btw176
SIP	10.1101/456772
SiPSiC	10.1101/2023.03.27.534310
sircel	10.1101/136242
sircel	10.1186/s12859-019-2612-0
SISUA	10.1089/cmb.2019.0337
siVAE	10.1101/2021.09.15.460498
siVAE	10.1186/s13059-023-02850-y
SJD	10.1101/2022.11.07.515489
SkewC	10.1016/j.xpro.2022.102038
SkewC	10.1101/2019.12.31.890269
slalom	10.1101/087775
slalom	10.1186/s13059-017-1334-8
sleepwalk	10.1101/603589
sleepwalk	10.1101/gr.251447.119
SLICE	10.1093/nar/gkw1278
SLICER	10.1101/047845
SLICER	10.1186/s13059-016-0975-3
SLIDE	10.1038/s41592-024-02175-z
SLIDE	10.1101/2022.11.25.518001
slingshot	10.1101/128843
slingshot	10.1186/s12864-018-4772-0
SMAI	10.1073/pnas.2313719121
SMAI	10.1101/2023.08.03.551836
SMaSH	10.1101/2021.04.08.438978
SMaSH	10.1186/s12859-022-04860-2
SMGR	10.1093/nargab/lqac056
SMILE	10.1093/bioinformatics/btab706
SMILE	10.1101/2021.01.28.428619
SMNN	10.1093/bib/bbaa097
SMNN	10.1101/672261
SMSC	10.1093/bib/bbaa216
SMURF	10.1093/bib/bbad026
SMURF	10.1101/2022.04.22.489140
SnapATAC2	10.1038/s41592-023-02139-9
SnapATAC2	10.1101/2023.09.11.557221
SnapCCESS	10.1093/bioinformatics/btad382
SnapCCESS	10.1101/2023.02.22.529627
SNN-Cliq	10.1093/bioinformatics/btv088
SoCube	10.1093/bib/bbad104
solo	10.1016/j.cels.2020.05.010
solo	10.1101/841981
SoloTE	10.1038/s42003-022-04020-5
SoptSC	10.1093/nar/gkz204
SoptSC	10.1101/168922
SOUP	10.1073/pnas.1817715116
SOUP	10.1101/285056
souporcell	10.1038/s41592-020-0820-1
souporcell	10.1101/699637
SoupX	10.1093/gigascience/giaa151
SoupX	10.1101/303727
SPADE	10.1038/nbt.1991
SPADE	10.1038/nprot.2016.066
SpaOTsc	10.1038/s41467-020-15968-5
sparca	arxiv/2302.10776
SparseDC	10.1093/nar/gkx1113
SPARSim	10.1093/bioinformatics/btz752
SPaRTAN	10.1093/nar/gkab745
SPaRTAN	10.1101/2020.12.22.423961
SpatialScope	10.1038/s41467-023-43629-w
SpatialScope	10.1101/2023.03.14.532529
SPECK	10.1093/bioadv/vbad073
SPECK	10.1101/2022.10.08.511197
speckle	10.1093/bioinformatics/btac582
speckle	10.1101/2021.11.28.470236
Specter	10.1101/2020.06.15.151910
Specter	10.1101/gr.267906.120
SPECTRA	10.1038/s41587-023-01940-3
SPECTRA	10.1101/2022.12.20.521311
Spectre	10.1002/cyto.a.24350
Spectre	10.1101/2020.10.22.349563
Spectrum	10.1093/bioinformatics/btz704
Spectrum	10.1101/636639
SPEEDI	10.1101/2023.11.01.564815
Sphetcher	10.1016/j.isci.2020.101126
SPLASH	10.1101/2023.03.17.533189
splattdr	10.1101/2021.09.08.459475
Splatter	10.1101/133173
Splatter	10.1101/2021.06.17.448806
Splatter	10.1186/s13059-017-1305-0
Splatter	10.1186/s13059-021-02546-1
spliceJAC	10.15252/msb.202211176
SPmarker	10.1101/2020.11.22.393165
SPmarker	10.1111/nph.18053
SPRING	10.1093/bioinformatics/btx792
SPRING	10.1101/090332
SPsimSeq	10.1093/bioinformatics/btaa105
SPsimSeq	10.1101/677740
spVIPES	10.1101/2023.11.07.565957
SR2	10.1101/2023.07.31.551228
SSBER	10.1186/s12859-021-04165-w
sscClust	10.1016/j.gpb.2018.10.003
sscClust	10.1101/344242
SSrGE	10.1038/s41467-018-07170-5
SSrGE	10.1101/095810
StabMap	10.1038/s41587-023-01766-z
StabMap	10.1101/2022.02.24.481823
STACAS	10.1038/s41467-024-45240-z
STACAS	10.1093/bioinformatics/btaa755
STACAS	10.1101/2020.06.15.152306
STACAS	10.1101/2023.07.07.548105
STAR	10.1093/bioinformatics/bts635
STAR	10.1101/2021.05.05.442755
STARE	10.1093/bioinformatics/btad062
STARE	10.1101/2022.01.28.478202
starmapVis	10.1016/j.csbj.2023.02.023
StationaryOT	10.1101/2021.03.02.433630
StationaryOT	10.1371/journal.pcbi.1009466
STEGO-R	10.1101/2023.09.27.559702
STEM	10.1038/s42003-023-05640-1
STEM	10.1101/2022.09.23.509186
STEMNET	10.1038/ncb3493
Stereo3D	10.1093/bioinformatics/btaa521
STREAK	10.1101/2022.11.10.516050
STREAK	10.1371/journal.pcbi.1011413
STREAM	10.1038/s41467-019-09670-4
STREAM	10.1101/302554
supCPM	10.1093/bioinformatics/btac131
supCPM	10.1101/2021.06.18.448900
SuperCell	10.1101/2021.06.07.447430
SuperCell	10.1186/s12859-022-04861-1
Superscan	10.1101/2021.05.20.445014
SURGE	10.1101/2022.12.22.521678
SURGE	10.1186/s13059-023-03152-z
SwarnSeq	10.1016/j.ygeno.2021.02.014
switchde	10.1093/bioinformatics/btw798
switchde	10.1101/076547
SWNE	10.1016/j.cels.2018.10.015
SWNE	10.1101/276261
Symphony	10.1038/s41467-021-25957-x
Symphony	10.1101/2020.11.18.389189
SymSim	10.1038/s41467-019-10500-w
SymSim	10.1101/378646
SynergisticCore	10.1093/nar/gkz147
TACTiCS	10.1093/bioinformatics/btad248
TACTiCS	10.1101/2023.01.30.525343
talklr	10.1101/2020.02.01.930602
Tangram	10.1038/s41592-021-01264-7
Tangram	10.1101/2020.08.29.272831
TAR-scRNA-seq	10.1038/s41467-021-22496-3
TAR-scRNA-seq	10.1101/2020.07.31.229575
TarCA	10.1038/s41592-024-02189-7
TarCA	10.21203/rs.3.rs-2654427/v1
TASC	10.1093/nar/gkx754
TASC	10.1101/116939
tascCODA	10.1101/2021.09.06.459120
tascCODA	10.3389/fgene.2021.766405
TASIC	10.1093/bioinformatics/btx173
tauFisher	10.1101/2023.04.04.535473
TBSP	10.1093/nar/gkz146
TBSP	10.1101/401943
TCM	10.1038/s41467-018-05112-9
TDEseq	10.1101/2023.09.12.557282
TDEseq	10.1186/s13059-024-03237-3
TDL	10.1093/bib/bbab142
TDL	10.1101/2020.09.21.306332
TedSim	10.1093/nar/gkac235
TedSim	10.1101/2021.06.21.449283
Tempo	10.1038/s41467-022-34185-w
Tempo	10.1101/2022.03.15.484454
Tempora	10.1101/846907
Tempora	10.1371/journal.pcbi.1008205
TENET	10.1093/nar/gkaa1014
TENET	10.1101/2019.12.20.884163
TFvelo	10.1038/s41467-024-45661-w
TFvelo	10.1101/2023.07.12.548785
tGPT	10.1016/j.isci.2023.106536
tGPT	10.1101/2022.01.31.478596
TIgGER	10.1073/pnas.1417683112
TIGON	10.1038/s42256-023-00763-w
TILPRED	10.1080/2162402X.2020.1737369
TILPRED	10.1101/800847
TimeTalk	10.1038/s42003-023-05283-2
TimiGP	10.1016/j.xcrm.2023.101121
TimiGP	10.1101/2022.11.17.515465
TinGa	10.1093/bioinformatics/btaa463
TITAN	10.1093/nar/gkac908
tn_test	10.1016/j.cels.2019.07.012
tn_test	10.1101/463265
Tobiko	10.1038/s41590-019-0465-3
TOMAS	10.21203/rs.3.rs-2211167/v1
TooManyCells	10.1038/s41592-020-0748-5
TooManyCells	10.1101/519660
TooManyCellsInteractive	10.1101/2023.06.16.544954
TopOMetry	10.1101/2022.03.14.484134
topslam	10.1101/057778
TOSICA	10.1038/s41467-023-35923-4
Totem	10.1093/bioinformatics/btad515
Totem	10.1101/2022.09.19.508535
TraCeR	10.1038/nmeth.3800
trackplot	10.1101/2022.11.02.514803
trackplot	10.1371/journal.pcbi.1011477
TrAGEDy	10.1101/2022.12.21.521424
Trajan	10.1101/522672
TrajectoryNet	10.1101/2023.03.28.534644
transformGamPoi	10.1038/s41592-023-01814-1
transformGamPoi	10.1101/2021.06.24.449781
Transmorph	10.1093/nargab/lqad069
Transmorph	10.1101/2022.11.02.514912
TRAPeS	10.1093/nar/gkx615
TRAPeS	10.1101/072744
TraSig	10.1101/2021.07.28.454054
TraSig	10.1186/s13059-022-02629-7
Tree-SNE	arxiv/2002.05687
TreeCorTreat	10.1101/2021.10.27.466024
TREG	10.1101/2022.04.28.489923
TREG	10.1186/s13059-023-03066-w
trendsceek	10.1038/nmeth.4634
Triangulate	10.1093/gigascience/giaa113
TRIBAL	10.1101/2023.11.27.568874
tricycle	10.1101/2021.04.06.438463
tricycle	10.1186/s13059-021-02581-y
Triku	10.1093/gigascience/giac017
Triku	10.1101/2021.02.12.430764
TripletCell	10.1093/bib/bbad132
TRIPOD	10.1016/j.cels.2022.08.004
TRIPOD	10.1101/2021.09.22.461437
TRUmiCount	10.1093/bioinformatics/bty283
TRUmiCount	10.1101/217778
TRUST4	10.1038/s41592-021-01142-2
trVAE	10.1093/bioinformatics/btaa800
trVAE	arxiv/1910.01791
TSCAN	10.1093/nar/gkw430
TSEE	10.1186/s12864-019-5477-8
Tweedieverse	10.1002/sim.9430
Tweedieverse	10.1101/2021.03.28.437378
TWO-SIGMA	10.1002/gepi.22361
TWO-SIGMA	10.1093/bib/bbac084
TWO-SIGMA	10.1101/2021.01.24.427979
TWO-SIGMA	10.1101/709238
txburst	10.1038/s41586-018-0836-1
UCE	10.1101/2023.11.28.568918
UCell	10.1016/j.csbj.2021.06.043
UCell	10.1101/2021.04.13.439670
ucie	10.1002/pro.4388
ucie	10.1101/2021.12.02.470966
UICPC	10.1016/j.compbiomed.2021.104820
UMI_analysis	10.1038/s41598-018-31064-7
UMI-tools	10.1101/051755
UMI-tools	10.1101/gr.209601.116
UMICollapse	10.1101/648683
UMICollapse	10.7717/peerj.8275
umis	10.1038/nmeth.4220
umis	10.1101/073692
UNAGI	10.21203/rs.3.rs-3676579/v1
UNCURL	10.1093/bioinformatics/bty293
UNCURL	10.1101/142398
UNCURL	10.1101/2020.04.15.043737
UNIFAN	10.1007/978-3-031-04749-7_24
UNIFAN	10.1089/cmb.2022.0251
UNIFAN	10.1101/2021.11.20.469410
UnionCom	10.1093/bioinformatics/btaa443
UnionCom	10.1101/2020.02.02.931394
UniPath	10.1093/nar/gkaa1138
UniPath	10.1101/864389
uniPort	10.1038/s41467-022-35094-8
uniPort	10.1101/2022.02.14.480323
UniTVelo	10.1038/s41467-022-34188-7
UniTVelo	10.1101/2022.04.27.489808
UniverSC	10.1038/s41467-022-34681-z
UniverSC	10.1101/2021.01.19.427209
UPhyloplot2	10.1101/2020.05.25.115550
UPhyloplot2	10.1186/s12864-021-07739-3
URD	10.1126/science.aar3131
UVAE	10.1101/2023.12.18.572157
VAE-SNE	10.1101/2020.07.17.207993
vaeda	10.1093/bioinformatics/btac720
vaeda	10.1101/2022.04.15.488440
VALERIE	10.1371/journal.pcbi.1008195
valiDrops	10.1093/nargab/lqad101
valiDrops	10.1101/2023.02.07.526574
VAM	10.1093/nar/gkaa582
VAM	10.1101/2020.02.18.954321
VAMF	10.1101/166736
VASC	10.1016/j.gpb.2018.08.003
VASC	10.1101/199315
VDJPuzzle	10.1093/bioinformatics/bty203
VDJPuzzle	10.1101/181156
VECTOR	10.1016/j.celrep.2020.108069
VEGA	10.1038/s41467-021-26017-0
VEGA	10.1101/2020.12.17.423310
VeloCycle	10.1101/2024.01.18.576093
velocyto	10.1038/s41586-018-0414-6
velocyto	10.1101/206052
Velorama	10.1101/2022.10.18.512766
VeloRep	10.1073/pnas.2105859118
VeloRep	10.1101/2021.03.19.436127
VeloSim	10.1101/2021.01.11.426277
VeloVAE	10.1101/2022.07.08.499381
VeloVGI	10.1101/2023.11.19.567699
VeloViz	10.1093/bioinformatics/btab653
VeloViz	10.1101/2021.01.28.425293
velvet	10.1101/2023.07.06.547989
Venus	10.1371/journal.pcbi.1010636
VeTra	10.1093/bioinformatics/btab364
VeTra	10.1101/2020.09.01.277095
VIA	10.1038/s41467-021-25773-3
VIA	10.1101/2021.02.10.430705
VIA	10.1101/2024.01.29.577871
VIPCCA	10.1093/nar/gkab1147
VIPER	10.1186/s13059-018-1575-1
Vireo	10.1101/598748
Vireo	10.1186/s13059-019-1865-2
VisCello	10.1101/565549
VisCello	10.1126/science.aax1971
VISION	10.1016/j.crmeth.2022.100200
VISION	10.1038/s41467-019-12235-0
VISION	10.1101/2021.09.13.460142
VISION	10.1101/403055
visnormsc	10.1007/s12539-017-0277-9
vissE	10.1101/2022.03.06.483195
vissE	10.1186/s12859-024-05676-y
VITAE	10.1101/2020.12.26.424452
ViVAE	10.1101/2023.11.23.568428
VIVS	10.1101/2023.11.03.565520
VoxHunt	10.1016/j.stem.2021.02.015
VoxHunt	10.1101/2020.01.06.896282
VPAC	10.1101/523993
VPAC	10.1186/s12859-019-2742-4
Vulture	10.1093/gigascience/giad117
Vulture	10.1101/2023.02.13.528411
waddR	10.1093/bioinformatics/btab226
WASP	10.1186/s12864-021-07469-6
WAT3R	10.1093/bioinformatics/btac382
WAT3R	10.1101/2022.01.26.477886
WaveCrest	10.1186/s13059-016-1033-x
WEDGE	10.1093/bib/bbab085
WEDGE	10.1101/864488
Wishbone	10.1038/nbt.3569
wot	10.1016/j.cell.2019.01.006
wot	10.1101/191056
Wx	10.1038/s41598-019-47016-8
Wx	10.1101/221911
XClone	10.1101/2023.04.03.535352
XenoCell	10.1101/679183
XenoCell	10.1186/s12920-021-00872-8
ZetaSuite	10.1101/2021.08.29.458095
ZetaSuite	10.1186/s13059-022-02729-4
ZIAQ	10.1093/bioinformatics/btaa098
ZIFA	10.1186/s13059-015-0805-z
ZINB-WaVE	10.1038/s41467-017-02554-5
ZINB-WaVE	10.1101/125112
ZINB-WaVE	10.1101/157982
ZINB-WaVE	10.1101/250126
ZINB-WaVE	10.1186/s13059-018-1406-4
ZINBAE	10.1016/j.ymeth.2020.09.010
ZINBMM	10.1186/s13059-023-03046-0
zingeR	10.1101/157982
zingeR	10.1186/s13059-018-1406-4
zUMIs	10.1093/gigascience/giy059
zUMIs	10.1101/153940
