Preprint	Publication	Correct
10.1101/014472	10.1093/bioinformatics/btv368	TRUE
10.1101/019588	10.1093/bioinformatics/btw372	TRUE
10.1101/020735	10.1186/s12859-016-0944-6	TRUE
10.1101/020842	10.1186/s13059-015-0844-5	TRUE
10.1101/021592	10.1038/nmeth.4197	TRUE
10.1101/023309	10.1093/bioinformatics/btv715	TRUE
10.1101/025437	10.1093/bioinformatics/btw004	TRUE
10.1101/026385	10.1186/s12859-016-0984-y	TRUE
10.1101/026948	10.1038/nmeth.3734	TRUE
10.1101/035501	10.1186/s13059-016-1077-y	TRUE
10.1101/035808	10.1038/s41467-017-01188-x	TRUE
10.1101/035816	10.1093/nar/gkz716	TRUE
10.1101/035949	10.1186/s13059-016-0930-3	TRUE
10.1101/036533	10.1093/nar/gkw452	TRUE
10.1101/036558	10.1038/nmeth.4236	TRUE
10.1101/036988	10.1093/bioinformatics/bty100	TRUE
10.1101/041384	10.1038/nmeth.3971	TRUE
10.1101/045070	10.1038/s41598-017-13665-w	TRUE
10.1101/047365	10.1371/journal.pcbi.1005212	TRUE
10.1101/047845	10.1186/s13059-016-0975-3	TRUE
10.1101/051631	10.1371/journal.pgen.1006599	TRUE
10.1101/051755	10.1101/gr.209601.116	TRUE
10.1101/052225	10.1038/nmeth.4207	TRUE
10.1101/053348	10.1186/s12859-017-1994-0	TRUE
10.1101/060442	10.1093/bioinformatics/bty498	TRUE
10.1101/064006	10.1093/bioinformatics/btw732	TRUE
10.1101/065094	10.1093/bioinformatics/bty1044	TRUE
10.1101/065912	10.1038/ncomms14049	TRUE
10.1101/068775	10.1186/s13059-017-1188-0	TRUE
10.1101/069633	10.1093/bioinformatics/btw777	TRUE
10.1101/070151	10.1142/9789813207813_0053	TRUE
10.1101/072744	10.1093/nar/gkx615	TRUE
10.1101/073692	10.1038/nmeth.4220	TRUE
10.1101/074971	10.1126/sciimmunol.aal2192	TRUE
10.1101/076547	10.1093/bioinformatics/btw798	TRUE
10.1101/081273	10.1038/s41467-018-03933-2	TRUE
10.1101/082099	10.1016/j.cels.2017.08.014	TRUE
10.1101/084202	10.1038/ncomms15599	TRUE
10.1101/084202	10.1093/bioinformatics/btaa987	TRUE
10.1101/087775	10.1186/s13059-017-1334-8	TRUE
10.1101/088856	10.1093/bioinformatics/btx194	TRUE
10.1101/089110	10.1093/bioinformatics/btx575	TRUE
10.1101/090167	10.1038/nmeth.4263	TRUE
10.1101/090332	10.1093/bioinformatics/btx792	TRUE
10.1101/094532	10.1093/bioinformatics/btx325	TRUE
10.1101/095810	10.1038/s41467-018-07170-5	TRUE
10.1101/096222	10.1093/bioinformatics/btx337	TRUE
10.1101/098517	10.1186/s13059-017-1248-5	TRUE
10.1101/099473	10.1186/s12915-017-0383-5	TRUE
10.1101/109629	10.1186/s13059-017-1200-8	TRUE
10.1101/110668	10.1038/nmeth.4402	TRUE
10.1101/110759	10.1186/s13073-017-0492-3	TRUE
10.1101/116939	10.1093/nar/gkx754	TRUE
10.1101/117150	10.1093/bioinformatics/btx435	TRUE
10.1101/117382	10.1126/science.aan3235	TRUE
10.1101/118778	10.1038/nbt.4042	TRUE
10.1101/118901	10.1002/pmic.201700232	TRUE
10.1101/118919	10.1038/s41467-018-03608-y	TRUE
10.1101/120378	10.1038/s41587-019-0336-3	TRUE
10.1101/125112	10.1038/s41467-017-02554-5	TRUE
10.1101/128843	10.1186/s12864-018-4772-0	TRUE
10.1101/130336	10.1186/s13059-017-1269-0	TRUE
10.1101/133173	10.1186/s13059-017-1305-0	TRUE
10.1101/136242	10.1186/s12859-019-2612-0	TRUE
10.1101/138677	10.1038/s41592-018-0033-z	TRUE
10.1101/141598	10.1038/s41467-018-03405-7	TRUE
10.1101/142398	10.1093/bioinformatics/bty293	TRUE
10.1101/143271	10.1371/journal.pone.0180583	TRUE
10.1101/144501	10.1038/nmeth.4463	TRUE
10.1101/150292	10.1038/nmeth.4644	TRUE
10.1101/150524	10.1038/s41467-018-03282-0	TRUE
10.1101/151217	10.1038/s41598-018-35365-9	TRUE
10.1101/153940	10.1093/gigascience/giy059	TRUE
10.1101/157982	10.1186/s13059-018-1406-4	TRUE
10.1101/164889	10.1038/nbt.4096	TRUE
10.1101/165118	10.1038/nbt.4091	TRUE
10.1101/166868	10.1186/s13059-018-1440-2	TRUE
10.1101/168922	10.1093/nar/gkz204	TRUE
10.1101/170118	10.1073/pnas.1714723115	TRUE
10.1101/170308	10.1093/nar/gky007	TRUE
10.1101/171496	10.1186/s13059-018-1449-6	TRUE
10.1101/173997	10.1093/bioinformatics/bty332	TRUE
10.1101/174029	10.1186/s13059-017-1382-0	TRUE
10.1101/175927	10.1371/journal.pcbi.1006361	TRUE
10.1101/177048	10.1038/s41467-018-05083-x	TRUE
10.1101/178624	10.1038/s41467-018-04368-5	TRUE
10.1101/181156	10.1093/bioinformatics/bty203	TRUE
10.1101/181479	10.1186/s12859-018-2226-y	TRUE
10.1101/183863	10.1093/bioinformatics/btz095	TRUE
10.1101/185504	10.1038/s41592-018-0082-3	TRUE
10.1101/191056	10.1016/j.cell.2019.01.006	TRUE
10.1101/191254	10.1186/s12859-018-2092-7	TRUE
10.1101/197244	10.1101/gr.230771.117	TRUE
10.1101/199315	10.1016/j.gpb.2018.08.003	TRUE
10.1101/200345	10.1038/s41592-018-0254-1	TRUE
10.1101/2019.12.11.872895	10.1093/nar/gkaa183	TRUE
10.1101/2019.12.20.884163	10.1093/nar/gkaa1014	TRUE
10.1101/2019.12.20.884916	10.1038/s41587-020-0605-1	TRUE
10.1101/2019.12.22.886481	10.3389/fgene.2020.00490	TRUE
10.1101/2019.12.28.889956	10.1038/s41587-021-00875-x	TRUE
10.1101/2019.12.31.890269	10.1016/j.xpro.2022.102038	TRUE
10.1101/2020.01.01.892562	10.1016/j.celrep.2020.108589	TRUE
10.1101/2020.01.05.895136	10.1101/gr.261115.120	TRUE
10.1101/2020.01.06.896282	10.1016/j.stem.2021.02.015	TRUE
10.1101/2020.01.06.896621	10.1089/cmb.2020.0439	TRUE
10.1101/2020.01.07.897900	10.1038/s43018-022-00356-3	TRUE
10.1101/2020.01.08.898874	10.1186/s12864-020-07224-3	TRUE
10.1101/2020.01.13.904649	10.1093/nargab/lqaa077	TRUE
10.1101/2020.01.13.905323	10.1186/s12859-020-03774-1	TRUE
10.1101/2020.01.18.911461	10.1093/nar/gkaa314	TRUE
10.1101/2020.01.20.912675	10.1093/bioinformatics/btaa919	TRUE
10.1101/2020.01.20.913384	10.1093/nar/gkaa506	TRUE
10.1101/2020.01.22.915629	10.1016/j.isci.2020.101185	TRUE
10.1101/2020.01.25.919829	10.1016/j.gpb.2020.05.005	TRUE
10.1101/2020.01.31.927921	10.1093/bioinformatics/btac136	TRUE
10.1101/2020.02.02.930578	10.1186/s13059-020-02136-7	TRUE
10.1101/2020.02.02.931139	10.1038/s42256-020-00233-7	TRUE
10.1101/2020.02.02.931394	10.1093/bioinformatics/btaa443	TRUE
10.1101/2020.02.05.935296	10.1016/j.isci.2021.102393	TRUE
10.1101/2020.02.06.936971	10.1038/s41467-021-24152-2	TRUE
10.1101/2020.02.06.937805	10.1016/j.cels.2021.04.005	TRUE
10.1101/2020.02.12.931469	10.1016/j.patter.2020.100139	TRUE
10.1101/2020.02.13.948521	10.1038/s41422-020-0353-2	TRUE
10.1101/2020.02.17.947390	10.1016/j.stem.2022.03.001	TRUE
10.1101/2020.02.17.947416	10.1016/j.stemcr.2022.11.010	TRUE
10.1101/2020.02.17.947416	10.1038/s41586-022-05688-9	TRUE
10.1101/2020.02.18.954321	10.1093/nar/gkaa582	TRUE
10.1101/2020.02.24.963603	10.1038/s41467-022-29356-8	TRUE
10.1101/2020.02.25.960302	10.1038/s41592-020-00979-3	TRUE
10.1101/2020.02.27.968560	10.1186/s13059-020-02147-4	TRUE
10.1101/2020.02.28.970202	10.1371/journal.pcbi.1008569	TRUE
10.1101/2020.03.05.976878	10.1038/s41467-021-21244-x	TRUE
10.1101/2020.03.05.977686	10.1016/j.gpb.2020.06.014	TRUE
10.1101/2020.03.06.977728	10.1177/09622802231172028	TRUE
10.1101/2020.03.23.002758	10.1093/bib/bbab039	TRUE
10.1101/2020.03.27.010124	10.1038/s41467-021-23196-8	TRUE
10.1101/2020.03.28.013938	10.1093/bib/bbaa347	TRUE
10.1101/2020.03.29.014464	10.1126/sciadv.abf1356	TRUE
10.1101/2020.03.30.015925	10.1093/bioinformatics/btaa816	TRUE
10.1101/2020.04.01.019851	10.1038/s41467-021-26779-7	TRUE
10.1101/2020.04.01.020586	10.1371/journal.pcbi.1009029	TRUE
10.1101/2020.04.03.023002	10.1038/s42003-022-03319-7	TRUE
10.1101/2020.04.07.029546	10.1038/s41596-020-0391-8	TRUE
10.1101/2020.04.10.035865	10.1093/bioinformatics/btaa611	TRUE
10.1101/2020.04.10.035899	10.1093/bioinformatics/btaa450	TRUE
10.1101/2020.04.12.022806	10.1038/s41592-021-01286-1	TRUE
10.1101/2020.04.12.038281	10.1186/s13059-021-02291-5	TRUE
10.1101/2020.04.14.041905	10.1186/s13059-021-02434-8	TRUE
10.1101/2020.04.22.056473	10.1186/s12859-021-04028-4	TRUE
10.1101/2020.04.23.056069	10.12688/f1000research.131861.1	TRUE
10.1101/2020.04.23.058149	10.1089/cmb.2021.0437	TRUE
10.1101/2020.04.23.058156	10.1016/j.xpro.2020.100085	TRUE
10.1101/2020.05.01.073445	10.1093/bib/bbaa339	TRUE
10.1101/2020.05.08.083337	10.1038/s41592-020-01050-x	TRUE
10.1101/2020.05.12.077776	10.1038/s41587-020-00801-7	TRUE
10.1101/2020.05.13.093765	10.1093/bioinformatics/btab167	TRUE
10.1101/2020.05.13.093948	10.1371/journal.pcbi.1007939	TRUE
10.1101/2020.05.13.094953	10.1093/nar/gkab775	TRUE
10.1101/2020.05.16.100024	10.1038/s42256-021-00361-8	TRUE
10.1101/2020.05.22.111161	10.1038/s41592-021-01336-8	TRUE
10.1101/2020.05.22.111211	10.1093/nar/gkab004	TRUE
10.1101/2020.05.25.115550	10.1186/s12864-021-07739-3	TRUE
10.1101/2020.05.26.116640	10.1093/bioinformatics/btaa956	TRUE
10.1101/2020.05.26.117705	10.1038/s41540-020-00162-6	TRUE
10.1101/2020.05.27.119438	10.1371/journal.pcbi.1008625	TRUE
10.1101/2020.05.27.119594	10.1038/s41598-021-88875-4	TRUE
10.1101/2020.05.29.124743	10.1093/bioinformatics/btab834	TRUE
10.1101/2020.06.02.129031	10.1093/bib/bbac167	TRUE
10.1101/2020.06.04.132324	10.1101/gr.268581.120	TRUE
10.1101/2020.06.04.134536	10.1038/s41587-021-00989-2	TRUE
10.1101/2020.06.05.134452	10.1186/s13073-021-00842-w	TRUE
10.1101/2020.06.07.127274	10.1016/j.jim.2021.113176	TRUE
10.1101/2020.06.07.138271	10.1109/jbhi.2021.3050963	TRUE
10.1101/2020.06.07.138271	10.1109/JBHI.2021.3050963	TRUE
10.1101/2020.06.11.146845	10.1093/bioinformatics/btaa843	TRUE
10.1101/2020.06.15.151910	10.1101/gr.267906.120	TRUE
10.1101/2020.06.15.152306	10.1093/bioinformatics/btaa755	TRUE
10.1101/2020.06.16.142984	10.1186/s13073-022-01012-2	TRUE
10.1101/2020.06.16.148239	10.7717/peerj.10469	TRUE
10.1101/2020.06.16.151555	10.1186/s13059-020-02228-4	TRUE
10.1101/2020.06.23.166546	10.1038/s41467-021-23324-4	TRUE
10.1101/2020.06.26.173179	10.1371/journal.pcbi.1008094	TRUE
10.1101/2020.06.28.176180	10.1186/s12859-021-04489-7	TRUE
10.1101/2020.06.30.181065	10.1038/s43588-021-00030-1	TRUE
10.1101/2020.07.06.189563	10.1016/j.gpb.2021.01.007	TRUE
10.1101/2020.07.10.198077	10.1093/nargab/lqaa059	TRUE
10.1101/2020.07.13.200485	10.1093/bib/bbaa306	TRUE
10.1101/2020.07.16.205997	10.1038/s41587-021-01001-7	TRUE
10.1101/2020.07.17.208710	10.7717/peerj.10670	TRUE
10.1101/2020.07.21.214387	10.1038/s41467-021-21246-9	TRUE
10.1101/2020.07.23.215525	10.1038/s41587-021-00896-6	TRUE
10.1101/2020.07.23.218800	10.1038/s41467-021-21808-x	TRUE
10.1101/2020.07.24.218537	10.1038/s41551-021-00770-5	TRUE
10.1101/2020.07.29.227207	10.1093/bioinformatics/btab486	TRUE
10.1101/2020.07.30.229096	10.1093/gigascience/giac033	TRUE
10.1101/2020.07.30.229534	10.3389/fgene.2021.764170	TRUE
10.1101/2020.07.31.229575	10.1038/s41467-021-22496-3	TRUE
10.1101/2020.08.02.233569	10.1038/s41467-021-22197-x	TRUE
10.1101/2020.08.05.238949	10.1101/gr.268722.120	TRUE
10.1101/2020.08.10.243543	10.1186/s13059-021-02525-6	TRUE
10.1101/2020.08.11.245472	10.1038/s41587-022-01288-0	TRUE
10.1101/2020.08.11.245795	10.1093/nargab/lqab102	TRUE
10.1101/2020.08.13.249623	10.1093/bioinformatics/btaa1009	TRUE
10.1101/2020.08.24.265298	10.1093/nargab/lqab011	TRUE
10.1101/2020.08.25.267021	10.26508/lsa.202000986	TRUE
10.1101/2020.08.26.269332	10.1038/s41467-021-23518-w	TRUE
10.1101/2020.08.27.268730	10.1038/s41467-020-20343-5	TRUE
10.1101/2020.08.29.272831	10.1038/s41592-021-01264-7	TRUE
10.1101/2020.08.31.276345	10.1073/pnas.2024383118	TRUE
10.1101/2020.09.01.277095	10.1093/bioinformatics/btab364	TRUE
10.1101/2020.09.02.278804	10.1109/bibm49941.2020.9313569	TRUE
10.1101/2020.09.10.290973	10.1016/j.gpb.2020.08.003	TRUE
10.1101/2020.09.16.300822	10.1093/bioinformatics/btab499	TRUE
10.1101/2020.09.19.304956	10.1016/j.gpb.2020.11.006	TRUE
10.1101/2020.09.21.306332	10.1093/bib/bbab142	TRUE
10.1101/2020.09.23.308932	10.1101/gr.275569.121	TRUE
10.1101/2020.09.23.310003	10.1101/gr.271874.120	TRUE
10.1101/2020.09.23.310003	10.1038/s42256-022-00545-w	TRUE
10.1101/2020.09.23.310649	10.1101/gr.271346.120	TRUE
10.1101/2020.09.23.310656	10.1101/gr.271205.120	TRUE
10.1101/2020.09.24.311662	10.1038/s42003-021-02146-6	TRUE
10.1101/2020.09.25.313882	10.1080/01621459.2021.1886106	TRUE
10.1101/2020.09.28.317784	10.7554/eLife.66747	TRUE
10.1101/2020.09.29.315879	10.1093/bioinformatics/btab003	TRUE
10.1101/2020.09.30.319921	10.7717/peerj.12087	TRUE
10.1101/2020.09.30.321125	10.1016/j.crmeth.2021.100095	TRUE
10.1101/2020.10.01.322255	10.1186/s12859-023-05424-8	TRUE
10.1101/2020.10.01.322867	10.1101/gr.272344.120	TRUE
10.1101/2020.10.04.325233	10.1038/s42003-023-05480-z	TRUE
10.1101/2020.10.05.324798	10.1371/journal.pcbi.1010351	TRUE
10.1101/2020.10.05.326553	10.1093/nar/gkab1071	TRUE
10.1101/2020.10.06.327601	10.1093/bioinformatics/btac140	TRUE
10.1101/2020.10.07.330563	10.1038/s41467-021-26085-2	TRUE
10.1101/2020.10.08.332288	10.1101/gr.271908.120	TRUE
10.1101/2020.10.10.334573	10.1093/bib/bbab517	TRUE
10.1101/2020.10.12.335331	10.1016/j.cell.2021.04.048	TRUE
10.1101/2020.10.19.345983	10.1038/s41592-021-01346-6	TRUE
10.1101/2020.10.20.347211	10.1093/bioinformatics/btab116	TRUE
10.1101/2020.10.22.349563	10.1002/cyto.a.24350	TRUE
10.1101/2020.10.23.352096	10.1016/j.jmb.2022.167525	TRUE
10.1101/2020.10.25.354100	10.1093/bioinformatics/btab209	TRUE
10.1101/2020.10.28.359901	10.1093/bioinformatics/btab450	TRUE
10.1101/2020.11.03.366146	10.1093/bioinformatics/btab594	TRUE
10.1101/2020.11.04.368019	10.1186/s13059-021-02461-5	TRUE
10.1101/2020.11.04.368043	10.1093/nar/gkab1132	TRUE
10.1101/2020.11.04.369108	10.1093/bioinformatics/btab108	TRUE
10.1101/2020.11.05.370197	10.1093/nar/gkab552	TRUE
10.1101/2020.11.09.375550	10.1073/pnas.2023070118	TRUE
10.1101/2020.11.09.375659	10.1093/bib/bbab122	TRUE
10.1101/2020.11.10.375436	10.1093/bioinformatics/btab260	TRUE
10.1101/2020.11.11.378976	10.1186/s12859-021-04412-0	TRUE
10.1101/2020.11.15.378125	10.1038/s41587-021-01139-4	TRUE
10.1101/2020.11.16.385328	10.1038/s41467-022-29212-9	TRUE
10.1101/2020.11.17.386664	10.1093/nar/gkac639	TRUE
10.1101/2020.11.17.387779	10.1186/s13059-021-02341-y	TRUE
10.1101/2020.11.17.387795	10.1186/s13059-021-02367-2	TRUE
10.1101/2020.11.18.386102	10.1093/bioinformatics/btac007	TRUE
10.1101/2020.11.18.389031	10.1016/j.patter.2022.100443	TRUE
10.1101/2020.11.18.389189	10.1038/s41467-021-25957-x	TRUE
10.1101/2020.11.22.392217	10.1371/journal.pcbi.1010715	TRUE
10.1101/2020.11.22.393165	10.1111/nph.18053	TRUE
10.1101/2020.11.23.390682	10.2139/ssrn.3828194	TRUE
10.1101/2020.11.23.393769	10.1038/s41587-021-01033-z	TRUE
10.1101/2020.11.23.393900	10.1093/nar/gkac216	TRUE
10.1101/2020.11.23.394569	10.1186/s12864-021-07974-8	TRUE
10.1101/2020.11.24.394213	10.1214/22-aoas1689	TRUE
10.1101/2020.11.29.400614	10.1093/bioadv/vbac051	TRUE
10.1101/2020.12.01.407262	10.1038/s43588-021-00070-7	TRUE
10.1101/2020.12.04.412247	10.1038/s41467-022-29576-y	TRUE
10.1101/2020.12.11.420885	10.26508/lsa.202001004	TRUE
10.1101/2020.12.11.422014	10.1186/s13059-022-02679-x	TRUE
10.1101/2020.12.14.422688	10.1038/s41467-021-27150-6	TRUE
10.1101/2020.12.15.422954	10.1093/bioinformatics/btab385	TRUE
10.1101/2020.12.17.423310	10.1038/s41467-021-26017-0	TRUE
10.1101/2020.12.21.423801	10.1016/j.crmeth.2022.100359	TRUE
10.1101/2020.12.22.423961	10.1093/nar/gkab745	TRUE
10.1101/2020.12.22.424025	10.1186/s12859-022-04574-5	TRUE
10.1101/2020.12.23.424205	10.1371/journal.pcbi.1009464	TRUE
10.1101/2020.12.27.424506	10.1038/s41467-022-28661-6	TRUE
10.1101/2020.12.31.424913	10.1093/bioinformatics/btab358	TRUE
10.1101/2020.12.31.424916	10.1038/s41587-021-01161-6	TRUE
10.1101/2020.12.31.424948	10.1186/s12859-023-05355-4	TRUE
10.1101/2021.01.07.425804	10.1089/cmb.2022.0357	TRUE
10.1101/2021.01.10.426098	10.1186/s13059-021-02356-5	TRUE
10.1101/2021.01.10.426138	10.1038/s43588-021-00172-2	TRUE
10.1101/2021.01.10.426146	10.1093/bioadv/vbac037	TRUE
10.1101/2021.01.13.21249725	10.1038/s41591-021-01329-2	TRUE
10.1101/2021.01.13.426593	10.1038/s41467-021-25534-2	TRUE
10.1101/2021.01.14.426636	10.12688/f1000research.51749.1	TRUE
10.1101/2021.01.15.426387	10.1016/j.patter.2021.100311	TRUE
10.1101/2021.01.18.427083	10.1093/bib/bbab281	TRUE
10.1101/2021.01.19.427209	10.1038/s41467-022-34681-z	TRUE
10.1101/2021.01.20.427346	10.1186/s13073-022-01023-z	TRUE
10.1101/2021.01.20.427390	10.1093/bioinformatics/btab370	TRUE
10.1101/2021.01.21.21249765	10.1186/s13059-021-02438-4	TRUE
10.1101/2021.01.21.427529	10.1038/s41598-022-07959-x	TRUE
10.1101/2021.01.24.427979	10.1093/bib/bbac084	TRUE
10.1101/2021.01.27.428400	10.15302/j-qb-022-0318	TRUE
10.1101/2021.01.28.425293	10.1093/bioinformatics/btab653	TRUE
10.1101/2021.01.28.428619	10.1093/bioinformatics/btab706	TRUE
10.1101/2021.01.28.428725	10.1093/bioinformatics/btac095	TRUE
10.1101/2021.02.01.429187	10.1093/nargab/lqab118	TRUE
10.1101/2021.02.02.429335	10.1093/bioinformatics/btac143	TRUE
10.1101/2021.02.03.429484	10.1093/bib/bbab325	TRUE
10.1101/2021.02.06.430067	10.1093/nar/gkab481	TRUE
10.1101/2021.02.07.430106	10.1093/bioinformatics/btab420	TRUE
10.1101/2021.02.09.430550	10.1093/bioinformatics/btab273	TRUE
10.1101/2021.02.10.430649	10.2139/ssrn.3867727	TRUE
10.1101/2021.02.10.430649	10.1016/j.crmeth.2021.100133	TRUE
10.1101/2021.02.10.430705	10.1038/s41467-021-25773-3	TRUE
10.1101/2021.02.12.430764	10.1093/gigascience/giac017	TRUE
10.1101/2021.02.13.431104	10.1073/pnas.2113178118	TRUE
10.1101/2021.02.16.431357	10.1038/s41598-021-99003-7	TRUE
10.1101/2021.02.16.431421	10.1186/s13059-021-02565-y	TRUE
10.1101/2021.02.16.431527	10.1093/nar/gkab632	TRUE
10.1101/2021.02.17.431728	10.1371/journal.pcbi.1009064	TRUE
10.1101/2021.02.18.431907	10.2139/ssrn.3806072	TRUE
10.1101/2021.02.18.431907	10.1016/j.crmeth.2021.100071	TRUE
10.1101/2021.03.02.433630	10.1371/journal.pcbi.1009466	TRUE
10.1101/2021.03.03.433798	10.1371/journal.pcbi.1009290	TRUE
10.1101/2021.03.04.433945	10.1186/s12864-021-08235-4	TRUE
10.1101/2021.03.07.434281	10.1038/s41467-021-25548-w	TRUE
10.1101/2021.03.12.435024	10.1038/s41467-021-25960-2	TRUE
10.1101/2021.03.15.435370	10.1093/nar/gkab601	TRUE
10.1101/2021.03.17.435782	10.1186/s13059-021-02437-5	TRUE
10.1101/2021.03.17.435887	10.1038/s41467-022-30545-8	TRUE
10.1101/2021.03.19.436127	10.1073/pnas.2105859118	TRUE
10.1101/2021.03.19.436162	10.1038/s41467-022-29744-0	TRUE
10.1101/2021.03.19.436196	10.1186/s12859-021-04472-2	TRUE
10.1101/2021.03.21.436343	10.1186/s13059-021-02429-5	TRUE
10.1101/2021.03.22.436484	10.2139/ssrn.3872938	TRUE
10.1101/2021.03.25.437054	10.1371/journal.pcbi.1010097	TRUE
10.1101/2021.03.26.437190	10.1093/gigascience/giab061	TRUE
10.1101/2021.03.26.437231	10.1093/nar/gkab823	TRUE
10.1101/2021.03.27.437331	10.1038/s41467-022-28845-0	TRUE
10.1101/2021.03.28.437378	10.1002/sim.9430	TRUE
10.1101/2021.03.29.437485	10.1093/bioinformatics/btab426	TRUE
10.1101/2021.03.29.437525	10.1186/s13059-021-02561-2	TRUE
10.1101/2021.04.01.438014	10.1371/journal.pcbi.1009907	TRUE
10.1101/2021.04.03.438329	10.1186/s13059-021-02556-z	TRUE
10.1101/2021.04.04.438388	10.1093/bioinformatics/btac644	TRUE
10.1101/2021.04.06.438463	10.1186/s13059-021-02581-y	TRUE
10.1101/2021.04.06.438536	10.1038/s41467-022-33758-z	TRUE
10.1101/2021.04.06.438733	10.1093/bib/bbab400	TRUE
10.1101/2021.04.07.438822	10.1093/bioinformatics/btab641	TRUE
10.1101/2021.04.08.438954	10.1186/s13073-021-01001-x	TRUE
10.1101/2021.04.08.438978	10.1186/s12859-022-04860-2	TRUE
10.1101/2021.04.09.439160	10.1038/s41467-022-28431-4	TRUE
10.1101/2021.04.12.439254	10.1093/bioinformatics/btab276	TRUE
10.1101/2021.04.12.439500	10.1038/s41467-021-26682-1	TRUE
10.1101/2021.04.13.439670	10.1016/j.csbj.2021.06.043	TRUE
10.1101/2021.04.14.439903	10.15252/msb.202211517	TRUE
10.1101/2021.04.16.440230	10.1186/s13059-022-02706-x	TRUE
10.1101/2021.04.27.441683	10.7554/elife.73520	TRUE
10.1101/2021.04.28.441833	10.1038/s41587-021-01206-w	TRUE
10.1101/2021.05.02.441899	10.1038/s41467-022-32097-3	TRUE
10.1101/2021.05.03.442435	10.1093/bioinformatics/btab831	TRUE
10.1101/2021.05.03.442499	10.1093/bioinformatics/btac117	TRUE
10.1101/2021.05.05.442380	10.1093/nargab/lqac022	TRUE
10.1101/2021.05.06.443026	10.1038/s41587-022-01209-1	TRUE
10.1101/2021.05.07.441841	10.1038/s41467-022-29497-w	TRUE
10.1101/2021.05.07.442884	10.1038/s42003-022-03476-9	TRUE
10.1101/2021.05.10.443350	10.1186/s13059-022-02605-1	TRUE
10.1101/2021.05.10.443350	10.1093/bioinformatics/btac171	TRUE
10.1101/2021.05.11.443685	10.1186/s13059-021-02590-x	TRUE
10.1101/2021.05.12.443814	10.1186/s13059-022-02659-1	TRUE
10.1101/2021.05.20.445027	10.1186/s12859-022-05085-z	TRUE
10.1101/2021.05.21.445160	10.1038/s41467-022-30755-0	TRUE
10.1101/2021.05.26.445740	10.1186/s12859-021-04507-8	TRUE
10.1101/2021.05.29.446268	10.1016/j.isci.2021.102855	TRUE
10.1101/2021.06.07.447430	10.1186/s12859-022-04861-1	TRUE
10.1101/2021.06.09.447731	10.1093/bioinformatics/btac541	TRUE
10.1101/2021.06.09.447805	10.1371/journal.pgen.1010251	TRUE
10.1101/2021.06.10.447906	10.1016/j.gene.2022.146520	TRUE
10.1101/2021.06.13.448259	10.1186/s12859-021-04278-2	TRUE
10.1101/2021.06.13.448263	10.1093/nar/gkab1236	TRUE
10.1101/2021.06.15.448478	10.1038/s43588-022-00263-8	TRUE
10.1101/2021.06.15.448484	10.1093/bib/bbab579	TRUE
10.1101/2021.06.17.448806	10.1186/s13059-021-02546-1	TRUE
10.1101/2021.06.18.448900	10.1093/bioinformatics/btac131	TRUE
10.1101/2021.06.21.449283	10.1093/nar/gkac235	TRUE
10.1101/2021.06.24.449752	10.1093/bib/bbab570	TRUE
10.1101/2021.06.24.449781	10.1038/s41592-023-01814-1	TRUE
10.1101/2021.06.29.450377	10.1038/s41592-022-01408-3	TRUE
10.1101/2021.06.30.450496	10.1261/rna.078886.121	TRUE
10.1101/2021.07.10.451910	10.1038/s41467-023-42841-y	TRUE
10.1101/2021.07.14.452387	10.1111/biom.13645	TRUE
10.1101/2021.07.23.453605	10.1101/gr.276109.121	TRUE
10.1101/2021.07.26.453730	10.1093/bib/bbac377	TRUE
10.1101/2021.07.28.454054	10.1186/s13059-022-02629-7	TRUE
10.1101/2021.07.29.454389	10.1016/j.isci.2022.104962	TRUE
10.1101/2021.08.01.454654	10.1038/s41467-022-34277-7	TRUE
10.1101/2021.08.01.454697	10.1371/journal.pcbi.1010349	TRUE
10.1101/2021.08.02.453487	10.1093/bioinformatics/btac149	TRUE
10.1101/2021.08.02.454717	10.1186/s13059-021-02547-0	TRUE
10.1101/2021.08.08.453314	10.1186/s13059-022-02667-1	TRUE
10.1101/2021.08.10.455720	10.1186/s13059-021-02548-z	TRUE
10.1101/2021.08.12.455997	10.1093/bioinformatics/btab689	TRUE
10.1101/2021.08.13.456238	10.1038/s43587-023-00514-x	TRUE
10.1101/2021.08.20.457057	10.1016/j.crmeth.2022.100182	TRUE
10.1101/2021.08.22.457275	10.1038/s41587-022-01284-4	TRUE
10.1101/2021.08.28.458012	10.1186/s13059-023-02859-3	TRUE
10.1101/2021.08.28.458048	10.1093/bib/bbac424	TRUE
10.1101/2021.08.29.458095	10.1186/s13059-022-02729-4	TRUE
10.1101/2021.09.01.458524	10.15252/msb.202110663	TRUE
10.1101/2021.09.02.458781	10.1186/s12864-022-08759-3	TRUE
10.1101/2021.09.03.458844	10.1093/bib/bbac048	TRUE
10.1101/2021.09.03.458862	10.1038/s43588-022-00216-1	TRUE
10.1101/2021.09.06.459120	10.3389/fgene.2021.766405	TRUE
10.1101/2021.09.08.459475	10.1093/nar/gkac019	TRUE
10.1101/2021.09.13.460142	10.1016/j.crmeth.2022.100200	TRUE
10.1101/2021.09.15.460498	10.1186/s13059-023-02850-y	TRUE
10.1101/2021.09.17.460824	10.1371/journal.pcbi.1010025	TRUE
10.1101/2021.09.19.460993	10.1016/j.gpb.2022.04.001	TRUE
10.1101/2021.09.20.461129	10.1038/s41467-022-31369-2	TRUE
10.1101/2021.09.22.461437	10.1016/j.cels.2022.08.004	TRUE
10.1101/2021.09.24.461597	10.1038/s41588-022-01167-z	TRUE
10.1101/2021.09.25.461825	10.1038/s41598-021-04473-4	TRUE
10.1101/2021.09.25.461825	10.1093/bioinformatics/btac617	TRUE
10.1101/2021.09.29.462469	10.1186/s13059-022-02795-8	TRUE
10.1101/2021.10.07.463279	10.7554/elife.82128	TRUE
10.1101/2021.10.08.463191	10.1186/s13073-023-01269-1	TRUE
10.1101/2021.10.13.464275	10.1186/s12859-022-04778-9	TRUE
10.1101/2021.10.13.464306	10.1186/s13059-022-02649-3	TRUE
10.1101/2021.10.15.463909	10.1186/s13059-022-02683-1	TRUE
10.1101/2021.10.16.464640	10.1038/s41467-023-36016-y	TRUE
10.1101/2021.10.22.465455	10.1093/nar/gkac412	TRUE
10.1101/2021.10.25.465657	10.1093/nar/gkac436	TRUE
10.1101/2021.10.25.465734	10.1093/bioinformatics/btab840	TRUE
10.1101/2021.10.27.466176	10.1186/s13059-022-02820-w	TRUE
10.1101/2021.11.04.467244	10.1007/978-3-031-04749-7_36	TRUE
10.1101/2021.11.04.467271	10.1093/bioadv/vbac016	TRUE
10.1101/2021.11.06.467575	10.1093/nar/gkac486	TRUE
10.1101/2021.11.07.467660	10.1093/bib/bbac088	TRUE
10.1101/2021.11.08.467740	10.1093/bioinformatics/btac141	TRUE
10.1101/2021.11.08.467781	10.1093/bioinformatics/btac427	TRUE
10.1101/2021.11.15.468695	10.1371/journal.pcbi.1009600	TRUE
10.1101/2021.11.16.468881	10.1093/bib/bbac111	TRUE
10.1101/2021.11.16.468892	10.1038/s43588-022-00251-y	TRUE
10.1101/2021.11.18.469072	10.1093/bib/bbac180	TRUE
10.1101/2021.11.20.469390	10.1038/s41467-023-36790-9	TRUE
10.1101/2021.11.20.469410	10.1007/978-3-031-04749-7_24	TRUE
10.1101/2021.11.22.469628	10.2139/ssrn.4071022	TRUE
10.1101/2021.11.24.469874	10.1038/s41598-022-26434-1	TRUE
10.1101/2021.11.24.469915	10.1038/s41587-022-01233-1	TRUE
10.1101/2021.11.25.470059	10.1093/bioinformatics/btac423	TRUE
10.1101/2021.11.28.470236	10.1093/bioinformatics/btac582	TRUE
10.1101/2021.11.30.470619	10.1093/bioinformatics/btad592	TRUE
10.1101/2021.11.30.470677	10.1038/s41540-022-00245-6	TRUE
10.1101/2021.12.02.470966	10.1002/pro.4388	TRUE
10.1101/2021.12.05.471261	10.1038/s42256-022-00534-z	TRUE
10.1101/2021.12.06.471401	10.1038/s41592-022-01595-z	TRUE
10.1101/2021.12.12.472307	10.2139/ssrn.4013916	TRUE
10.1101/2021.12.13.472472	10.1007/978-3-031-04749-7_18	TRUE
10.1101/2021.12.13.472472	10.1038/s41587-022-01476-y	TRUE
10.1101/2021.12.19.473334	10.1093/bib/bbac172	TRUE
10.1101/2021.12.21.473757	10.1038/s41592-023-01955-3	TRUE
10.1101/2022.01.03.474840	10.1186/s13059-022-02825-5	TRUE
10.1101/2022.01.06.475279	10.1016/j.patter.2022.100536	TRUE
10.1101/2022.01.15.476407	10.1093/bioinformatics/btac271	TRUE
10.1101/2022.01.18.476789	10.1038/s41467-022-34595-w	TRUE
10.1101/2022.01.20.476845	10.1093/bioinformatics/btac590	TRUE
10.1101/2022.01.23.477401	10.1093/bioinformatics/btac775	TRUE
10.1101/2022.01.26.477886	10.1093/bioinformatics/btac382	TRUE
10.1101/2022.01.28.478202	10.1093/bioinformatics/btad062	TRUE
10.1101/2022.01.31.478596	10.1016/j.isci.2023.106536	TRUE
10.1101/2022.02.03.479015	10.1093/biostatistics/kxac035	TRUE
10.1101/2022.02.04.479174	10.1093/bioinformatics/btac447	TRUE
10.1101/2022.02.04.479209	10.1038/s41587-023-01782-z	TRUE
10.1101/2022.02.05.479217	10.1038/s41556-022-01072-x	TRUE
10.1101/2022.02.07.478807	10.1016/j.celrep.2022.111697	TRUE
10.1101/2022.02.10.480003	10.1038/s41388-022-02478-5	TRUE
10.1101/2022.02.11.480077	10.1016/j.xgen.2022.100247	TRUE
10.1101/2022.02.13.480282	10.1038/s41592-023-02017-4	TRUE
10.1101/2022.02.13.480299	10.1093/gigascience/giac126	TRUE
10.1101/2022.02.14.480323	10.1038/s41467-022-35094-8	TRUE
10.1101/2022.02.23.481646	10.2139/ssrn.4193117	TRUE
10.1101/2022.02.24.481823	10.1038/s41587-023-01766-z	TRUE
10.1101/2022.03.01.482381	10.1186/s13059-022-02749-0	TRUE
10.1101/2022.03.02.482701	10.21105/joss.05603	TRUE
10.1101/2022.03.04.482758	10.1073/pnas.2203828120	TRUE
10.1101/2022.03.07.22271522	10.1038/s41540-022-00246-5	TRUE
10.1101/2022.03.09.483600	10.1186/s13059-023-03049-x	TRUE
10.1101/2022.03.13.484080	10.1093/bioinformatics/btac368	TRUE
10.1101/2022.03.13.484162	10.1038/s42003-022-04093-2	TRUE
10.1101/2022.03.15.484454	10.1038/s41467-022-34185-w	TRUE
10.1101/2022.03.21.485232	10.1186/s13059-023-02980-3	TRUE
10.1101/2022.03.22.485261	10.1016/j.compbiomed.2023.106634	TRUE
10.1101/2022.03.28.486110	10.1038/s42003-023-04820-3	TRUE
10.1101/2022.03.29.486330	10.1126/sciadv.abn6398	TRUE
10.1101/2022.04.01.486696	10.1016/j.crmeth.2023.100512	TRUE
10.1101/2022.04.02.486748	10.1038/s41587-023-01716-9	TRUE
10.1101/2022.04.04.486878	10.1093/bib/bbad005	TRUE
10.1101/2022.04.13.488194	10.1093/bib/bbac324	TRUE
10.1101/2022.04.14.488320	10.1371/journal.pcbi.1011300	TRUE
10.1101/2022.04.14.488347	10.1093/bioinformatics/btac340	TRUE
10.1101/2022.04.15.488440	10.1093/bioinformatics/btac720	TRUE
10.1101/2022.04.15.488517	10.1093/nar/gkac333	TRUE
10.1101/2022.04.19.488745	10.1371/journal.pone.0281315	TRUE
10.1101/2022.04.21.489121	10.1093/bib/bbac387	TRUE
10.1101/2022.04.22.487554	10.1038/s41467-023-39985-2	TRUE
10.1101/2022.04.22.489140	10.1093/bib/bbad026	TRUE
10.1101/2022.04.27.489808	10.1038/s41467-022-34188-7	TRUE
10.1101/2022.05.02.490246	10.26508/lsa.202201591	TRUE
10.1101/2022.05.02.490352	10.1093/nar/gkad969	TRUE
10.1101/2022.05.03.490535	10.1186/s13059-023-02901-4	TRUE
10.1101/2022.05.07.491043	10.1038/s41467-023-38121-4	TRUE
10.1101/2022.05.09.491232	10.1016/j.mex.2022.101778	TRUE
10.1101/2022.05.17.492304	10.1016/j.ygeno.2022.110480	TRUE
10.1101/2022.05.18.492580	10.1038/s41467-023-40457-w	TRUE
10.1101/2022.05.20.488356	10.1038/s41587-023-01697-9	TRUE
10.1101/2022.05.23.490488	10.1093/bioinformatics/btad329	TRUE
10.1101/2022.05.25.493261	10.1101/gr.277525.122	TRUE
10.1101/2022.05.26.493603	10.1093/bioinformatics/btad278	TRUE
10.1101/2022.05.29.493935	10.1093/bib/bbad207	TRUE
10.1101/2022.06.01.494334	10.1007/s12064-023-00408-x	TRUE
10.1101/2022.06.01.494441	10.1093/nar/gkad157	TRUE
10.1101/2022.06.07.493867	10.1038/s41587-023-01663-5	TRUE
10.1101/2022.06.14.496107	10.1038/s41467-023-37353-8	TRUE
10.1101/2022.06.18.496660	10.1093/nar/gkad444	TRUE
10.1101/2022.06.19.496754	10.1371/journal.pcbi.1010962	TRUE
10.1101/2022.06.20.496836	10.1093/nar/gkac1042	TRUE
10.1101/2022.07.01.498402	10.1016/j.molp.2022.10.016	TRUE
10.1101/2022.07.08.499309	10.1007/s10462-022-10357-4	TRUE
10.1101/2022.07.09.498657	10.1093/bioinformatics/btac746	TRUE
10.1101/2022.07.12.499735	10.1038/s41587-023-01905-6	TRUE
10.1101/2022.07.12.499846	10.1038/s41467-023-43590-8	TRUE
10.1101/2022.07.13.499900	10.2139/ssrn.4174578	TRUE
10.1101/2022.07.25.501456	10.1073/pnas.2214414119	TRUE
10.1101/2022.07.31.502173	10.1038/s41592-023-02040-5	TRUE
10.1101/2022.08.01.501965	10.1242/dev.201264	TRUE
10.1101/2022.08.04.502776	10.1186/s13059-023-02974-1	TRUE
10.1101/2022.08.04.502810	10.1016/j.isci.2023.106853	TRUE
10.1101/2022.08.04.502825	10.1016/j.patter.2023.100793	TRUE
10.1101/2022.08.05.502989	10.1038/s41467-023-38333-8	TRUE
10.1101/2022.08.10.503335	10.1093/bioadv/vbad003	TRUE
10.1101/2022.08.12.503759	10.1093/bioinformatics/btad435	TRUE
10.1101/2022.08.16.504101	10.1186/s13073-023-01248-6	TRUE
10.1101/2022.08.17.504240	10.1093/nar/gkac1044	TRUE
10.1101/2022.08.19.504505	10.1038/s41592-023-01938-4	TRUE
10.1101/2022.08.21.504709	10.1038/s41467-023-44014-3	TRUE
10.1101/2022.08.22.504858	10.1016/j.crmeth.2023.100581	TRUE
10.1101/2022.08.24.505207	10.32614/RJ-2023-046	TRUE
10.1101/2022.08.28.505179	10.1093/bioinformatics/btad325	TRUE
10.1101/2022.09.07.506959	10.1016/j.isci.2023.107124	TRUE
10.1101/2022.09.14.508036	10.1038/s41592-023-01971-3	TRUE
10.1101/2022.09.19.508535	10.1093/bioinformatics/btad515	TRUE
10.1101/2022.09.20.508796	10.1038/s41587-023-01772-1	TRUE
10.1101/2022.09.26.509481	10.1093/bib/bbad061	TRUE
10.1101/2022.10.15.512388	10.1038/s42256-023-00663-z	TRUE
10.1101/2022.10.17.512585	10.1038/s41467-023-37432-w	TRUE
10.1101/2022.10.19.512926	10.1093/bioinformatics/btad714	TRUE
10.1101/2022.10.24.513352	10.1038/s42003-023-05351-7	TRUE
10.1101/2022.10.24.513476	10.1093/nargab/lqad024	TRUE
10.1101/2022.10.24.513543	10.1016/j.xplc.2023.100631	TRUE
10.1101/2022.10.25.513758	10.1016/j.isci.2023.107242	TRUE
10.1101/2022.11.02.514803	10.1371/journal.pcbi.1011477	TRUE
10.1101/2022.11.02.514912	10.1093/nargab/lqad069	TRUE
10.1101/2022.11.06.514786	10.1002/sim.9953	TRUE
10.1101/2022.11.07.515546	10.3233/isb-220252	TRUE
10.1101/2022.11.10.516044	10.1093/bib/bbad157	TRUE
10.1101/2022.11.11.516061	10.1093/bioinformatics/btad596	TRUE
10.1101/2022.11.13.516355	10.1038/s41598-023-38965-2	TRUE
10.1101/2022.11.16.516751	10.1093/bib/bbad130	TRUE
10.1101/2022.11.17.516980	10.1371/journal.pcbi.1011261	TRUE
10.1101/2022.11.18.517068	10.1038/s41587-023-01734-7	TRUE
10.1101/2022.11.24.517826	10.1016/j.csbj.2023.10.032	TRUE
10.1101/2022.11.28.517803	10.1038/s41592-023-02035-2	TRUE
10.1101/2022.11.29.518384	10.1093/bioadv/vbad150	TRUE
10.1101/2022.12.01.518678	10.1186/s13059-023-03069-7	TRUE
10.1101/2022.12.04.519058	10.1038/s41587-023-01873-x	TRUE
10.1101/2022.12.07.519467	10.1186/s12859-023-05213-3	TRUE
10.1101/2022.12.13.520181	10.1038/s41467-023-40503-7	TRUE
10.1101/2022.12.16.520739	10.1038/s44320-023-00003-8	TRUE
10.1101/2023.01.12.523826	10.1038/s41467-023-36800-w	TRUE
10.1101/2023.01.12.523851	10.1038/s41587-023-01935-0	TRUE
10.1101/2023.01.23.525100	10.1093/nargab/lqad032	TRUE
10.1101/2023.01.27.525961	10.1093/bioinformatics/btad481	TRUE
10.1101/2023.01.27.525964	10.1093/nar/gkad1032	TRUE
10.1101/2023.02.02.526789	10.1038/s41592-023-02060-1	TRUE
10.1101/2023.02.02.526825	10.1038/s41467-023-43019-2	TRUE
10.1101/2023.03.03.531029	10.1186/s13059-023-03067-9	TRUE
10.1101/2023.03.09.531861	10.1093/bib/bbad266	TRUE
10.1101/2023.03.23.533712	10.1038/s42256-023-00656-y	TRUE
10.1101/2023.03.24.533888	10.1093/nar/gkad262	TRUE
10.1101/2023.04.01.535197	10.1371/journal.pcbi.1011557	TRUE
10.1101/2023.04.12.536601	10.1038/s41467-023-44173-3	TRUE
10.1101/2023.04.16.537058	10.1073/pnas.2307722120	TRUE
10.1101/2023.04.25.538290	10.1101/gr.277363.122	TRUE
10.1101/2023.04.28.538653	10.1038/s41467-023-39017-z	TRUE
10.1101/2023.05.01.538994	10.1016/j.cell.2023.11.026	TRUE
10.1101/2023.05.03.538463	10.1186/s12915-023-01728-6	TRUE
10.1101/2023.05.03.539204	10.1093/gigascience/giad091	TRUE
10.1101/2023.05.03.539308	10.1093/nargab/lqad106	TRUE
10.1101/2023.05.18.541381	10.1101/gr.277960.123	TRUE
10.1101/2023.06.01.543212	10.1186/s12916-023-03182-1	TRUE
10.1101/2023.06.21.546022	10.1038/s41467-023-44206-x	TRUE
10.1101/205534	10.1038/s41596-018-0058-x	TRUE
10.1101/206052	10.1038/s41586-018-0414-6	TRUE
10.1101/207704	10.1093/gigascience/giz087	TRUE
10.1101/208819	10.1186/s13059-019-1663-x	TRUE
10.1101/211417	10.1093/bioinformatics/bty664	TRUE
10.1101/211938	10.1093/bioinformatics/btz177	TRUE
10.1101/215723	10.1093/bioinformatics/bty793	TRUE
10.1101/217554	10.15252/msb.20178124	TRUE
10.1101/217778	10.1093/bioinformatics/bty283	TRUE
10.1101/218115	10.1038/nmeth.4662	TRUE
10.1101/219188	10.1038/s41587-019-0088-0	TRUE
10.1101/221911	10.1038/s41598-019-47016-8	TRUE
10.1101/225177	10.1093/bioinformatics/btz453	TRUE
10.1101/227033	10.1073/pnas.1721085115	TRUE
10.1101/227843	10.1093/bioinformatics/bty533	TRUE
10.1101/229815	10.1093/gigascience/giz106	TRUE
10.1101/234021	10.12688/f1000research.13511.2	TRUE
10.1101/234872	10.1186/s13059-019-1662-y	TRUE
10.1101/235382	10.1016/j.cels.2019.03.010	TRUE
10.1101/237065	10.1038/s41592-019-0576-7	TRUE
10.1101/237214	10.1016/j.cels.2018.06.011	TRUE
10.1101/237420	10.1016/j.cell.2018.05.057	TRUE
10.1101/246439	10.1186/s13059-018-1431-3	TRUE
10.1101/248633	10.1093/bioinformatics/btaa087	TRUE
10.1101/250126	10.1186/s13059-018-1406-4	TRUE
10.1101/250704	10.1186/s13073-018-0567-9	TRUE
10.1101/255711	10.1142/s0219720020400090	TRUE
10.1101/256644	10.1371/journal.pcbi.1006733	TRUE
10.1101/256941	10.1093/bioinformatics/btz078	TRUE
10.1101/257550	10.3389/fbioe.2020.00018	TRUE
10.1101/258566	10.1038/s41592-018-0303-9	TRUE
10.1101/258699	10.1093/bioinformatics/bty260	TRUE
10.1101/261768	10.1093/nar/gkz706	TRUE
10.1101/271163	10.1093/bioinformatics/bty702	TRUE
10.1101/272443	10.1093/nar/gkz488	TRUE
10.1101/276261	10.1016/j.cels.2018.10.015	TRUE
10.1101/276311	10.1093/bioinformatics/bty1009	TRUE
10.1101/276907	10.1038/s41587-019-0071-9	TRUE
10.1101/280545	10.1371/journal.pcbi.1006378	TRUE
10.1101/284604	10.1038/s41590-018-0276-y	TRUE
10.1101/285056	10.1073/pnas.1817715116	TRUE
10.1101/289223	10.1016/j.cels.2018.05.017	TRUE
10.1101/292037	10.1038/s41592-018-0229-2	TRUE
10.1101/300681	10.1038/s41467-018-07931-2	TRUE
10.1101/302554	10.1038/s41467-019-09670-4	TRUE
10.1101/303727	10.1093/gigascience/giaa151	TRUE
10.1101/305581	10.1093/nar/gkz826	TRUE
10.1101/310599	10.7554/eLife.43803	TRUE
10.1101/315556	10.1038/s41592-019-0353-7	TRUE
10.1101/318295	10.1093/bioinformatics/btaa293	TRUE
10.1101/328807	10.1371/journal.pcbi.1006935	TRUE
10.1101/329102	10.1016/j.isci.2021.103251	TRUE
10.1101/331330	10.1093/bioinformatics/btz024	TRUE
10.1101/333393	10.1371/journal.pbio.2006687	TRUE
10.1101/335000	10.1186/s13059-019-1670-y	TRUE
10.1101/335547	10.1186/s13059-019-1699-y	TRUE
10.1101/344242	10.1016/j.gpb.2018.10.003	TRUE
10.1101/352484	10.1016/j.cels.2019.03.003	TRUE
10.1101/353607	10.1186/s13059-019-1837-6	TRUE
10.1101/354944	10.1038/s41467-018-08023-x	TRUE
10.1101/356634	10.1371/journal.pcbi.1007445	TRUE
10.1101/357368	10.1016/j.cels.2018.11.005	TRUE
10.1101/361980	10.3389/fgene.2019.00009	TRUE
10.1101/364166	10.7554/eLife.48994	TRUE
10.1101/364810	10.1016/j.celrep.2019.09.082	TRUE
10.1101/365007	10.1073/pnas.1911536116	TRUE
10.1101/367003	10.15252/msb.20188557	TRUE
10.1101/369538	10.1186/s13059-019-1862-5	TRUE
10.1101/371179	10.1038/s41587-019-0113-3	TRUE
10.1101/374025	10.1101/gr.267070.120	TRUE
10.1101/374462	10.1186/s13059-019-1639-x	TRUE
10.1101/375196	10.1371/journal.pcbi.1007794	TRUE
10.1101/377762	10.1093/nar/gkz114	TRUE
10.1101/378646	10.1038/s41467-019-10500-w	TRUE
10.1101/379883	10.1093/jmcb/mjaa052	TRUE
10.1101/380568	10.1093/bioinformatics/btz296	TRUE
10.1101/383224	10.1038/s41467-019-13099-0	TRUE
10.1101/384586	10.1093/bioinformatics/btz726	TRUE
10.1101/385328	10.1038/s41587-019-0068-4	TRUE
10.1101/389999	10.26508/lsa.201900371	TRUE
10.1101/390153	10.1038/s41467-019-14018-z	TRUE
10.1101/392662	10.1038/s41467-019-09639-3	TRUE
10.1101/393280	10.1073/pnas.1820006116	TRUE
10.1101/396135	10.1371/journal.pone.0203247	TRUE
10.1101/397588	10.1038/s41467-021-27729-z	TRUE
10.1101/401943	10.1093/nar/gkz146	TRUE
10.1101/403055	10.1038/s41467-019-12235-0	TRUE
10.1101/409961	10.1093/bioinformatics/btz692	TRUE
10.1101/412080	10.1093/nar/gkz789	TRUE
10.1101/413047	10.1038/s41592-020-0766-3	TRUE
10.1101/416719	10.1093/nar/gkz116	TRUE
10.1101/421354	10.1073/pnas.2005990117	TRUE
10.1101/426239	10.1016/j.patter.2020.100035	TRUE
10.1101/426981	10.1016/j.cels.2020.02.003	TRUE
10.1101/429589	10.1038/s41586-018-0698-6	TRUE
10.1101/430009	10.1093/nar/gkz655	TRUE
10.1101/430967	10.1093/gigascience/giz105	TRUE
10.1101/433102	10.1038/s41592-019-0425-8	TRUE
10.1101/434746	10.1038/s41467-019-11591-1	TRUE
10.1101/437095	10.1093/bioinformatics/btz321	TRUE
10.1101/437665	10.1186/s13059-019-1812-2	TRUE
10.1101/444687	10.1038/s41586-019-1367-0	TRUE
10.1101/446104	10.1186/s13059-019-1713-4	TRUE
10.1101/455436	10.1038/s41592-019-0689-z	TRUE
10.1101/457622	10.1186/s13059-019-1922-x	TRUE
10.1101/457879	10.1038/s41592-019-0537-1	TRUE
10.1101/459404	10.1093/bioinformatics/btaa139	TRUE
10.1101/460147	10.1016/j.cell.2019.05.031	TRUE
10.1101/460246	10.1038/s41592-019-0466-z	TRUE
10.1101/461640	10.1101/gr.254557.119	TRUE
10.1101/461954	10.1038/s41592-019-0619-0	TRUE
10.1101/463265	10.1016/j.cels.2019.07.012	TRUE
10.1101/464479	10.1093/bioinformatics/btaa576	TRUE
10.1101/470203	10.1016/j.isci.2020.100914	TRUE
10.1101/472571	10.1093/bioinformatics/btz279	TRUE
10.1101/483297	10.1038/s41587-021-00859-x	TRUE
10.1101/485979	10.1016/j.cels.2019.05.007	TRUE
10.1101/504944	10.1186/s13059-019-1766-4	TRUE
10.1101/504977	10.1007/s40484-019-0192-7	TRUE
10.1101/508085	10.1016/j.cels.2019.06.004	TRUE
10.1101/511626	10.1261/rna.074427.119	TRUE
10.1101/514950	10.1186/s13059-019-1739-7	TRUE
10.1101/519660	10.1038/s41592-020-0748-5	TRUE
10.1101/522037	10.1186/s12859-019-2797-2	TRUE
10.1101/522474	10.1093/bioinformatics/btz295	TRUE
10.1101/523993	10.1186/s12859-019-2742-4	TRUE
10.1101/526848	10.1101/gr.247759.118	TRUE
10.1101/530378	10.1038/s41467-020-15851-3	TRUE
10.1101/532093	10.1093/bioinformatics/btz592	TRUE
10.1101/532192	10.1093/bioinformatics/btz333	TRUE
10.1101/532846	10.1038/s41587-020-00803-5	TRUE
10.1101/532895	10.15252/msb.20209620	TRUE
10.1101/533372	10.1038/s41467-020-16905-2	TRUE
10.1101/534834	10.1016/j.celrep.2022.110333	TRUE
10.1101/536730	10.1016/j.cels.2019.05.003	TRUE
10.1101/537936	10.1186/s12864-020-6542-z	TRUE
10.1101/538652	10.1038/s41592-019-0535-3	TRUE
10.1101/539833	10.1186/s12859-019-2951-x	TRUE
10.1101/543199	10.1016/j.celrep.2019.10.131	TRUE
10.1101/543447	10.1093/nargab/lqz020	TRUE
10.1101/544346	10.1101/gr.251603.119	TRUE
10.1101/557967	10.1038/s41467-020-17900-3	TRUE
10.1101/558908	10.1093/nar/gkz543	TRUE
10.1101/559872	10.3390/genes10070531	TRUE
10.1101/561084	10.1093/nar/gkz622	TRUE
10.1101/564021	10.1093/bioinformatics/btz698	TRUE
10.1101/565549	10.1126/science.aax1971	TRUE
10.1101/567115	10.1093/bioinformatics/btz778	TRUE
10.1101/570507	10.1038/s42256-020-00244-4	TRUE
10.1101/570614	10.1186/s13059-019-1852-7	TRUE
10.1101/574574	10.1186/s13059-019-1861-6	TRUE
10.1101/576827	10.1186/s13059-019-1874-1	TRUE
10.1101/586859	10.1016/j.cels.2019.10.007	TRUE
10.1101/587360	10.1038/s41467-020-17281-7	TRUE
10.1101/596817	10.1093/gigascience/giz121	TRUE
10.1101/596924	10.1093/bioinformatics/btz823	TRUE
10.1101/598748	10.1186/s13059-019-1865-2	TRUE
10.1101/599654	10.1038/s41467-021-21453-4	TRUE
10.1101/600049	10.1186/s12859-020-03561-y	TRUE
10.1101/603589	10.1101/gr.251447.119	TRUE
10.1101/611517	10.1371/journal.pcbi.1009849	TRUE
10.1101/616862	10.1371/journal.pcbi.1007040	TRUE
10.1101/621805	10.1093/nar/gkz601	TRUE
10.1101/622001	10.1093/bioinformatics/btac227	TRUE
10.1101/625566	10.1038/s41467-020-15295-9	TRUE
10.1101/630087	10.1038/s41587-020-0469-4	TRUE
10.1101/631705	10.1093/bioinformatics/btz877	TRUE
10.1101/632216	10.1038/s41587-020-0465-8	TRUE
10.1101/634097	10.1016/j.isci.2020.101913	TRUE
10.1101/636639	10.1093/bioinformatics/btz704	TRUE
10.1101/641191	10.1186/s13059-019-1764-6	TRUE
10.1101/642926	10.1038/s41592-019-0690-6	TRUE
10.1101/645358	10.1038/s41467-020-15523-2	TRUE
10.1101/648683	10.7717/peerj.8275	TRUE
10.1101/655753	10.15252/msb.20199005	TRUE
10.1101/655795	10.1214/20-aoas1423	TRUE
10.1101/658146	10.1186/s13059-020-1928-4	TRUE
10.1101/658401	10.1186/s13059-020-1945-3	TRUE
10.1101/668442	10.1093/nar/gkac452	TRUE
10.1101/669739	10.1093/bioinformatics/btaa097	TRUE
10.1101/669911	10.1038/s41467-020-15816-6	TRUE
10.1101/671180	10.1038/s41467-020-14391-0	TRUE
10.1101/672261	10.1093/bib/bbaa097	TRUE
10.1101/673285	10.1038/s41587-021-00870-2	TRUE
10.1101/677740	10.1093/bioinformatics/btaa105	TRUE
10.1101/679183	10.1186/s12920-021-00872-8	TRUE
10.1101/680926	10.1038/s41596-020-0292-x	TRUE
10.1101/696724	10.1016/j.cell.2021.12.045	TRUE
10.1101/697151	10.1038/s41598-020-60400-z	TRUE
10.1101/699637	10.1038/s41592-020-0820-1	TRUE
10.1101/699959	10.1093/bib/bbab366	TRUE
10.1101/701607	10.1101/gr.260174.119	TRUE
10.1101/704015	10.1186/s13059-020-1950-6	TRUE
10.1101/709238	10.1002/gepi.22361	TRUE
10.1101/713008	10.7717/peerj.8607	TRUE
10.1101/713412	10.1038/s41467-020-19894-4	TRUE
10.1101/716811	10.1016/j.cels.2020.08.003	TRUE
10.1101/727867	10.1186/s12859-021-04150-3	TRUE
10.1101/731638	10.1093/bioinformatics/btaa283	TRUE
10.1101/737601	10.1093/bioinformatics/btaa169	TRUE
10.1101/738997	10.1371/journal.pcbi.1007925	TRUE
10.1101/743591	10.1093/bib/bbz166	TRUE
10.1101/746339	10.1038/s41467-020-18416-6	TRUE
10.1101/750612	10.1093/bioinformatics/btaa264	TRUE
10.1101/758524	10.1186/s12859-020-3450-9	TRUE
10.1101/765628	10.1093/bioinformatics/btaa042	TRUE
10.1101/772723	10.1186/s12864-020-07007-w	TRUE
10.1101/773903	10.1186/s12859-019-3179-5	TRUE
10.1101/776948	10.15252/msb.20199389	TRUE
10.1101/786285	10.1038/s41598-020-67513-5	TRUE
10.1101/788554	10.1186/s12859-020-3482-1	TRUE
10.1101/788596	10.1038/s41592-021-01076-9	TRUE
10.1101/791699	10.1038/s41592-023-01943-7	TRUE
10.1101/794503	10.1186/s13059-020-02100-5	TRUE
10.1101/799817	10.1038/s41467-021-21312-2	TRUE
10.1101/800490	10.1093/bib/bbaa127	TRUE
10.1101/800847	10.1080/2162402X.2020.1737369	TRUE
10.1101/810234	10.1038/s41467-021-25725-x	TRUE
10.1101/812131	10.1038/s41467-022-28803-w	TRUE
10.1101/819581	10.1038/s41467-020-16904-3	TRUE
10.1101/820928	10.1038/s41598-020-71805-1	TRUE
10.1101/820936	10.1038/s41587-020-0591-3	TRUE
10.1101/823682	10.1038/s41592-020-0905-x	TRUE
10.1101/828483	10.1186/s13059-020-02084-2	TRUE
10.1101/831495	10.1038/s41467-020-17800-6	TRUE
10.1101/832535	10.1186/s13059-020-02054-8	TRUE
10.1101/834549	10.1186/s13059-021-02313-2	TRUE
10.1101/836650	10.1093/bioinformatics/btaa176	TRUE
10.1101/837104	10.1186/s13059-020-02015-1	TRUE
10.1101/843946	10.1093/nargab/lqaa025	TRUE
10.1101/846907	10.1371/journal.pcbi.1008205	TRUE
10.1101/853457	10.1038/s41467-021-22851-4	TRUE
10.1101/854299	10.1093/bioinformatics/btaa282	TRUE
10.1101/855064	10.12688/f1000research.22969.1	TRUE
10.1101/855064	10.12688/f1000research.22969.2	TRUE
10.1101/859751	10.1038/s41467-022-33681-3	TRUE
10.1101/864165	10.1093/gigascience/giaa122	TRUE
10.1101/864389	10.1093/nar/gkaa1138	TRUE
10.1101/864488	10.1093/bib/bbab085	TRUE
10.1101/867309	10.1186/s13059-020-02071-7	TRUE
10.21203/rs.2.22114/v1	10.1186/s12859-020-03878-8	TRUE
10.21203/rs.3.rs-1037942/v1	10.1186/s12859-022-04703-0	TRUE
10.21203/rs.3.rs-1198843/v1	10.2139/ssrn.4314148	TRUE
10.21203/rs.3.rs-1198843/v1	10.1016/j.crmeth.2023.100577	TRUE
10.21203/rs.3.rs-1763879/v1	10.1186/s12859-022-05098-8	TRUE
10.21203/rs.3.rs-1805107/v1	10.1038/s41592-023-01969-x	TRUE
10.21203/rs.3.rs-2022586/v1	10.1038/s41467-023-36066-2	TRUE
10.21203/rs.3.rs-2199519/v1	10.1038/s41467-023-39017-z	TRUE
10.21203/rs.3.rs-311045/v1	10.1038/s41587-021-01186-x	TRUE
10.21203/rs.3.rs-3149275/v1	10.1038/s41467-023-44279-8	TRUE
10.21203/rs.3.rs-355014/v1	10.1093/bib/bbab517	TRUE
10.21203/rs.3.rs-36926/v1	10.1186/s12864-020-07223-4	TRUE
10.21203/rs.3.rs-418249/v1	10.1016/j.csbj.2022.06.010	TRUE
10.21203/rs.3.rs-525466/v1	10.1038/s42003-021-02986-2	TRUE
10.21203/rs.3.rs-757792/v1	10.1186/s12864-021-08101-3	TRUE
10.2139/ssrn.4359645	10.1016/j.mex.2023.102196	TRUE
